#        weight    minuslogpost            logA             n_s               h         omega_b       omega_cdm        tau_reio        A_planck       chi2__CMB   minuslogprior minuslogprior__0            chi2 chi2__planck_2018_highl_plik.TTTEEE_lite_native chi2__planck_2018_lensing.native
              1        36225.73       3.0419414       0.9675414      0.67349622     0.051741569      0.26267868     0.038863219       0.9991253       72473.931      -11.235294       -11.235294       72473.931                                       71905.248                        568.68286
              2       35973.448       3.1101739      0.98250293       0.6709692     0.052245902      0.25734807      0.08446255      0.99429484       71969.366      -11.235294       -11.235294       71969.366                                       71202.126                        767.24003
              2       35846.475       3.1101739      0.98250293       0.6709692     0.052245902      0.25734807      0.08446255      0.99216142       71715.421      -11.235294       -11.235294       71715.421                                       70935.334                        780.08706
              1       35728.062       3.1101739      0.98250293       0.6709692     0.052245902      0.25734807      0.08446255      0.99009933       71478.595      -11.235294       -11.235294       71478.595                                       70685.872                        792.72305
              1        35607.76       3.1101739      0.98250293       0.6709692     0.052245902      0.25734807      0.08446255       0.9879225        71237.99      -11.235294       -11.235294        71237.99                                       70431.691                        806.29882
              2        35519.45       3.1101739      0.98250293       0.6709692     0.052245902      0.25734807      0.08446255      0.98626485       71061.371      -11.235294       -11.235294       71061.371                                       70244.569                         816.8021
              3       35492.443       3.1263755      0.98323801      0.66985071     0.052277217      0.25629735     0.093750607      0.98628709       71007.356      -11.235294       -11.235294       71007.356                                       70134.506                        872.84975
              1       35468.846       3.1263755      0.98323801      0.66985071     0.052277217      0.25629735     0.093750607      0.98584048       70960.162      -11.235294       -11.235294       70960.162                                       70084.336                        875.82647
              1       35111.491       3.1274879      0.98787991      0.68702074     0.052096487      0.25512687      0.10087523      0.98070584       70245.452      -11.235294       -11.235294       70245.452                                       69465.671                        779.78089
              1       35071.443       3.1274879      0.98787991      0.68702074     0.052096487      0.25512687      0.10087523      0.98000088       70165.357      -11.235294       -11.235294       70165.357                                       69381.243                        784.11458
              3       35020.851       3.1403409      0.98667161      0.68677564     0.052054743      0.25501833      0.10855758      0.97812418       70064.173      -11.235294       -11.235294       70064.173                                       69223.232                         840.9411
              1       34984.563       3.1403409      0.98667161      0.68677564     0.052054743      0.25501833      0.10855758      0.97747475       69991.597      -11.235294       -11.235294       69991.597                                       69146.454                        845.14269
              1       34776.802        3.111218      0.98758508      0.67862303      0.05184953      0.25550566     0.095839705      0.97586704       69576.074      -11.235294       -11.235294       69576.074                                       68806.347                        769.72714
              1       34668.123        3.111218      0.98758508      0.67862303      0.05184953      0.25550566     0.095839705      0.97387314       69358.716      -11.235294       -11.235294       69358.716                                       68576.557                        782.15943
              3       34531.882        3.111218      0.98758508      0.67862303      0.05184953      0.25550566     0.095839705      0.97125245       69086.235      -11.235294       -11.235294       69086.235                                        68287.41                        798.82537
              3       34238.008       3.1224332      0.99492309      0.67914903     0.051817256      0.25410232      0.10942013      0.96620321       68498.488      -11.235294       -11.235294       68498.488                                       67672.693                        825.79427
              1       34082.465       3.1254438      0.99511948       0.6801337     0.051798097      0.25423296      0.11062444      0.96367586       68187.401      -11.235294       -11.235294       68187.401                                       67332.236                        855.16467
              3       33874.908       3.1254438      0.99511948       0.6801337     0.051798097      0.25423296      0.11062444       0.9592844       67772.287      -11.235294       -11.235294       67772.287                                       66886.788                        885.49935
              1       33725.633       3.0738764      0.99462372      0.67162491     0.051477031      0.25683898     0.081602865      0.96023677       67473.736      -11.235294       -11.235294       67473.736                                       66714.166                        759.56989
              2       33684.003       3.0738764      0.99462372      0.67162491     0.051477031      0.25683898     0.081602865      0.95925031       67390.477      -11.235294       -11.235294       67390.477                                       66624.544                        765.93317
              2       33482.132       3.0738764      0.99462372      0.67162491     0.051477031      0.25683898     0.081602865      0.95398171       66986.735      -11.235294       -11.235294       66986.735                                        66185.85                        800.88524
              1       33120.709       3.1331069       1.0023067      0.67483622     0.051403501      0.25575909      0.11643534      0.95132147       66263.889      -11.235294       -11.235294       66263.889                                       65220.272                        1043.6171
              1       33030.749       3.1331069       1.0023067      0.67483622     0.051403501      0.25575909      0.11643534      0.94883017       66083.969      -11.235294       -11.235294       66083.969                                       65020.483                        1063.4862
              1       33007.522       3.1331069       1.0023067      0.67483622     0.051403501      0.25575909      0.11643534      0.94814783       66037.515      -11.235294       -11.235294       66037.515                                       64968.517                        1068.9979
              1       33006.536       3.1331069       1.0023067      0.67483622     0.051403501      0.25575909      0.11643534      0.94811845       66035.542      -11.235294       -11.235294       66035.542                                       64966.307                        1069.2358
              1       32975.049       3.1265581       1.0058423      0.67672996     0.051503527      0.25511217      0.11532764      0.94684775       65972.568      -11.235294       -11.235294       65972.568                                       64954.245                         1018.323
              1       32933.995       3.1216691       1.0061782      0.67501355     0.051470884       0.2551204      0.11301946      0.94682243        65890.46      -11.235294       -11.235294        65890.46                                       64885.382                        1005.0775
              1        32904.94       3.1216691       1.0061782      0.67501355     0.051470884       0.2551204      0.11301946      0.94593799       65832.351      -11.235294       -11.235294       65832.351                                       64820.304                        1012.0466
              1       32828.956       3.1216691       1.0061782      0.67501355     0.051470884       0.2551204      0.11301946      0.94345349       65680.383      -11.235294       -11.235294       65680.383                                       64648.486                        1031.8974
              1       32822.074       3.1216691       1.0061782      0.67501355     0.051470884       0.2551204      0.11301946      0.94321394       65666.619      -11.235294       -11.235294       65666.619                                       64632.786                        1033.8329
              2       32762.413       3.1216691       1.0061782      0.67501355     0.051470884       0.2551204      0.11301946      0.94100711       65547.296      -11.235294       -11.235294       65547.296                                       64495.452                        1051.8439
              1        32677.81       3.1114795       1.0084216      0.67985442      0.05145009      0.25486808       0.1067509      0.94256462        65378.09      -11.235294       -11.235294        65378.09                                        64406.48                        971.60954
              1       32630.576       3.1145478       1.0091834      0.67957793     0.051464658      0.25431651       0.1091414       0.9423922       65283.624      -11.235294       -11.235294       65283.624                                       64306.799                        976.82496
              1       32565.025       3.1145478       1.0091834      0.67957793     0.051464658      0.25431651       0.1091414      0.93978771       65152.521      -11.235294       -11.235294       65152.521                                       64155.033                        997.48835
              1       32535.768       3.1145478       1.0091834      0.67957793     0.051464658      0.25431651       0.1091414      0.93848088       65094.007      -11.235294       -11.235294       65094.007                                       64085.979                        1008.0282
              1       32480.803       3.1145478       1.0091834      0.67957793     0.051464658      0.25431651       0.1091414       0.9356441       64984.077      -11.235294       -11.235294       64984.077                                       63952.768                         1031.309
              2       32420.793       3.1223528       1.0105998      0.67815426      0.05148785      0.25377342      0.11363105      0.93574853       64864.056      -11.235294       -11.235294       64864.056                                       63794.644                        1069.4122
              1       32178.258       3.0832521       1.0203966      0.68560096     0.051633271      0.25129267      0.10475713      0.92901396       64378.986      -11.235294       -11.235294       64378.986                                       63562.336                        816.65009
              1       32049.827        3.078842       1.0242116       0.6911911     0.051668561      0.25010418      0.10586974      0.92746113       64122.125      -11.235294       -11.235294       64122.125                                       63367.512                         754.6122
              1       32026.755        3.078842       1.0242116       0.6911911     0.051668561      0.25010418      0.10586974      0.92635333       64075.981      -11.235294       -11.235294       64075.981                                       63313.626                        762.35444
              1       31957.397        3.078842       1.0242116       0.6911911     0.051668561      0.25010418      0.10586974      0.92223938       63937.265      -11.235294       -11.235294       63937.265                                       63145.429                        791.83567
              1       31909.577       3.0898149       1.0253994      0.69193222     0.051650445       0.2501724      0.11200319      0.92174957       63841.625      -11.235294       -11.235294       63841.625                                       63006.622                        835.00305
              5       31883.096       3.0898149       1.0253994      0.69193222     0.051650445       0.2501724      0.11200319      0.91957634       63788.662      -11.235294       -11.235294       63788.662                                       62937.131                        851.53054
              1       31868.989       3.0898149       1.0253994      0.69193222     0.051650445       0.2501724      0.11200319      0.91804749       63760.448      -11.235294       -11.235294       63760.448                                       62897.089                         863.3592
              1        31857.06       3.0898149       1.0253994      0.69193222     0.051650445       0.2501724      0.11200319      0.91620856       63736.591      -11.235294       -11.235294       63736.591                                        62858.78                        877.81102
              1       31850.001       3.0898149       1.0253994      0.69193222     0.051650445       0.2501724      0.11200319      0.91261968       63722.473      -11.235294       -11.235294       63722.473                                       62815.741                        906.73277
              3       31849.436       3.0899479       1.0254027      0.69190523     0.051650923       0.2501713      0.11206225       0.9126268       63721.342      -11.235294       -11.235294       63721.342                                       62813.817                        907.52531
              1       31849.114       3.0899479       1.0254027      0.69190523     0.051650923       0.2501713      0.11206225      0.91340309       63720.699      -11.235294       -11.235294       63720.699                                       62819.515                        901.18425
              2       31849.269       3.0899479       1.0254027      0.69190523     0.051650923       0.2501713      0.11206225      0.91370755       63721.008      -11.235294       -11.235294       63721.008                                       62822.298                        898.70962
              1       31784.346       3.0535541       1.0176133      0.69492118     0.051275069      0.25116368     0.096596642      0.91046691       63591.162      -11.235294       -11.235294       63591.162                                       62860.047                         731.1149
              1        31785.18       3.0525446       1.0177074       0.6951992     0.051269404      0.25120609     0.096052662      0.91047976       63592.831      -11.235294       -11.235294       63592.831                                       62866.075                        726.75613
              1       31544.896       3.0759475       1.0245654      0.69729299     0.051448074      0.24874197      0.11224547      0.90911444       63112.263      -11.235294       -11.235294       63112.263                                       62337.322                        774.94086
              1       31536.212       3.0759475       1.0245654      0.69729299     0.051448074      0.24874197      0.11224547      0.90411392       63094.895      -11.235294       -11.235294       63094.895                                       62282.033                        812.86226
              2        31535.36       3.0759475       1.0245654      0.69729299     0.051448074      0.24874197      0.11224547      0.90448977        63093.19      -11.235294       -11.235294        63093.19                                       62283.242                        809.94737
              5        31424.75       3.0845024       1.0242852      0.69968754     0.051400111      0.24810324      0.11714906      0.90470411       62871.971      -11.235294       -11.235294       62871.971                                       62056.672                        815.29916
              1       31424.837       3.0845024       1.0242852      0.69968754     0.051400111      0.24810324      0.11714906       0.9043313       62872.145      -11.235294       -11.235294       62872.145                                       62053.957                        818.18883
              8       31425.691       3.0845024       1.0242852      0.69968754     0.051400111      0.24810324      0.11714906      0.90569367       62873.852      -11.235294       -11.235294       62873.852                                       62066.172                        807.67949
              1       31425.828       3.0845024       1.0242852      0.69968754     0.051400111      0.24810324      0.11714906      0.90576743       62874.127      -11.235294       -11.235294       62874.127                                       62067.013                         807.1144
              2       31424.968       3.0845024       1.0242852      0.69968754     0.051400111      0.24810324      0.11714906      0.90414921       62872.407      -11.235294       -11.235294       62872.407                                       62052.803                        819.60395
              1       31425.187       3.0845024       1.0242852      0.69968754     0.051400111      0.24810324      0.11714906      0.90394225       62872.845      -11.235294       -11.235294       62872.845                                        62051.63                        821.21547
              1        31424.77       3.0845024       1.0242852      0.69968754     0.051400111      0.24810324      0.11714906      0.90481083       62872.011      -11.235294       -11.235294       62872.011                                       62057.537                        814.47396
              2       31424.962       3.0845024       1.0242852      0.69968754     0.051400111      0.24810324      0.11714906      0.90514723       62872.394      -11.235294       -11.235294       62872.394                                       62060.516                        811.87807
              2       31426.704       3.0845024       1.0242852      0.69968754     0.051400111      0.24810324      0.11714906      0.90615372       62875.878      -11.235294       -11.235294       62875.878                                       62071.716                        804.16183
              1       31424.794       3.0845024       1.0242852      0.69968754     0.051400111      0.24810324      0.11714906      0.90488249       62872.059      -11.235294       -11.235294       62872.059                                       62058.139                        813.92025
              4       31372.788       3.0886732       1.0225357      0.69739569     0.051311089      0.24835765      0.11871117      0.90518794       62768.046      -11.235294       -11.235294       62768.046                                        61925.29                        842.75577
              1        31372.59       3.0886732       1.0225357      0.69739569     0.051311089      0.24835765      0.11871117      0.90461212        62767.65      -11.235294       -11.235294        62767.65                                       61920.339                        847.31039
              1       31372.666       3.0886732       1.0225357      0.69739569     0.051311089      0.24835765      0.11871117      0.90501205       62767.802      -11.235294       -11.235294       62767.802                                       61923.658                        844.14437
              2       31255.374       3.0846826       1.0246423      0.69210815     0.051270207      0.24832121      0.11540621      0.90652105       62533.218      -11.235294       -11.235294       62533.218                                       61671.787                        861.43109
              1       31255.546       3.0846826       1.0246423      0.69210815     0.051270207      0.24832121      0.11540621      0.90708238       62533.563      -11.235294       -11.235294       62533.563                                       61676.637                        856.92555
              1       30883.336       3.0768386       1.0307786      0.69742903     0.051176981      0.24660136       0.1112166      0.90987247       61789.142      -11.235294       -11.235294       61789.142                                       61017.199                        771.94299
              1       30877.339       3.0768386       1.0307786      0.69742903     0.051176981      0.24660136       0.1112166       0.9074103       61777.148      -11.235294       -11.235294       61777.148                                       60986.634                        790.51428
              1       30816.094       3.0822765       1.0322752      0.69629273     0.051179837      0.24642424      0.11466269      0.90706377       61654.659      -11.235294       -11.235294       61654.659                                       60836.986                        817.67297
              1       30816.145       3.0822765       1.0322752      0.69629273     0.051179837      0.24642424      0.11466269      0.90720679        61654.76      -11.235294       -11.235294        61654.76                                       60838.203                        816.55691
              1       30816.362       3.0822765       1.0322752      0.69629273     0.051179837      0.24642424      0.11466269      0.90636234       61655.194      -11.235294       -11.235294       61655.194                                       60832.024                        823.16943
              1       30798.309       3.0674208       1.0318811       0.6943146     0.051192163      0.24595457      0.10979017      0.90443789       61619.089      -11.235294       -11.235294       61619.089                                       60851.448                        767.64083
              2       30798.524       3.0674208       1.0318811       0.6943146     0.051192163      0.24595457      0.10979017      0.90568394       61619.518      -11.235294       -11.235294       61619.518                                       60861.293                        758.22459
              1       30424.607       3.0681636       1.0400976      0.69709562     0.051203283      0.24373174      0.11681364      0.90222819       60871.685      -11.235294       -11.235294       60871.685                                       60147.623                        724.06175
              3        30423.97       3.0681636       1.0400976      0.69709562     0.051203283      0.24373174      0.11681364      0.90202202       60870.411      -11.235294       -11.235294       60870.411                                       60144.832                        725.57904
              1       30421.551       3.0681636       1.0400976      0.69709562     0.051203283      0.24373174      0.11681364      0.90035569       60865.572      -11.235294       -11.235294       60865.572                                       60127.612                        737.96049
              1       30421.661       3.0681636       1.0400976      0.69709562     0.051203283      0.24373174      0.11681364      0.90071671       60865.792      -11.235294       -11.235294       60865.792                                       60130.532                        735.25996
              5       30421.783       3.0681636       1.0400976      0.69709562     0.051203283      0.24373174      0.11681364      0.90087702       60866.037      -11.235294       -11.235294       60866.037                                       60131.973                        734.06402
              3       30422.103       3.0681636       1.0400976      0.69709562     0.051203283      0.24373174      0.11681364      0.90115513       60866.677      -11.235294       -11.235294       60866.677                                       60134.683                        731.99393
              2       30422.339       3.0681636       1.0400976      0.69709562     0.051203283      0.24373174      0.11681364      0.90130924       60867.148      -11.235294       -11.235294       60867.148                                       60136.299                        730.84931
              1       30422.594       3.0681636       1.0400976      0.69709562     0.051203283      0.24373174      0.11681364      0.90145172       60867.658      -11.235294       -11.235294       60867.658                                       60137.866                        729.79272
              1       30421.958       3.0681636       1.0400976      0.69709562     0.051203283      0.24373174      0.11681364      0.90104349       60866.387      -11.235294       -11.235294       60866.387                                       60133.563                        732.82416
              2       30421.556       3.0681636       1.0400976      0.69709562     0.051203283      0.24373174      0.11681364      0.90043985       60865.582      -11.235294       -11.235294       60865.582                                       60128.252                        737.33006
              2       30421.929       3.0681636       1.0400976      0.69709562     0.051203283      0.24373174      0.11681364       0.9010185       60866.328      -11.235294       -11.235294       60866.328                                       60133.318                         733.0102
              1       30219.227       3.0241062       1.0431057      0.68871718     0.050829465      0.24584756     0.085016051      0.90886462       60460.924      -11.235294       -11.235294       60460.924                                       59801.683                        659.24051
              1       29928.188        3.050358       1.0501008       0.6908156     0.050892507      0.24390345      0.10162538      0.90835741       59878.846      -11.235294       -11.235294       59878.846                                       59162.349                        716.49717
              1        29865.54       3.0638085       1.0493499      0.69109397     0.050863936      0.24366065      0.10751529      0.90714874        59753.55      -11.235294       -11.235294        59753.55                                       58980.549                        773.00064
              3       29823.284       3.0684381       1.0480033      0.69022965     0.050709679      0.24470223      0.11141628      0.90492854       59669.039      -11.235294       -11.235294       59669.039                                       58859.939                        809.09985
              1       29825.463       3.0684381       1.0480033      0.69022965     0.050709679      0.24470223      0.11141628      0.90380513       59673.396      -11.235294       -11.235294       59673.396                                       58855.396                        818.00017
              1       29825.815       3.0684381       1.0480033      0.69022965     0.050709679      0.24470223      0.11141628      0.90368934         59674.1      -11.235294       -11.235294         59674.1                                       58855.177                         818.9231
              1        29823.39       3.0684381       1.0480033      0.69022965     0.050709679      0.24470223      0.11141628      0.90610479        59669.25      -11.235294       -11.235294        59669.25                                       58869.364                        799.88643
              1       29729.258       3.0227799       1.0472003      0.68614298     0.050379419      0.24648451     0.091485818      0.90234949       59480.986      -11.235294       -11.235294       59480.986                                       58798.493                        682.49307
              2        29100.46       3.0638206       1.0566261      0.69214881     0.050411048      0.24194594      0.11890223      0.90159913       58223.391      -11.235294       -11.235294       58223.391                                       57493.681                        729.70937
              3         29021.1       3.0493943        1.059246      0.69273432     0.050451554      0.24095869      0.11436248      0.90028878        58064.67      -11.235294       -11.235294        58064.67                                       57398.914                        665.75553
              1       29012.204       3.0557776       1.0606895      0.69334409     0.050537449      0.24030369      0.11633045       0.9019871       58046.879      -11.235294       -11.235294       58046.879                                       57370.102                        676.77639
              1       28967.849       3.0595791       1.0611253       0.6924705     0.050528233      0.24010247       0.1183816      0.90212818       57958.169      -11.235294       -11.235294       57958.169                                       57267.585                        690.58467
              1       28963.473       3.0595791       1.0611253       0.6924705     0.050528233      0.24010247       0.1183816      0.90156913       57949.416      -11.235294       -11.235294       57949.416                                         57254.8                        694.61552
              4       28954.092       3.0595791       1.0611253       0.6924705     0.050528233      0.24010247       0.1183816      0.90000357       57930.655      -11.235294       -11.235294       57930.655                                       57224.623                        706.03177
              1       28722.097       3.0233186       1.0539675       0.6921439     0.049893003      0.24229671     0.096120865      0.90248895       57466.664      -11.235294       -11.235294       57466.664                                        56866.03                        600.63372
              4       28718.297       3.0233186       1.0539675       0.6921439     0.049893003      0.24229671     0.096120865       0.9020137       57459.065      -11.235294       -11.235294       57459.065                                       56855.344                        603.72056
              1       28713.629       3.0233186       1.0539675       0.6921439     0.049893003      0.24229671     0.096120865        0.901348        57449.73      -11.235294       -11.235294        57449.73                                       56841.657                         608.0725
              2       28667.803        3.048784       1.0536912      0.68912932     0.049910376      0.24229023      0.10663893      0.90297078       57358.076      -11.235294       -11.235294       57358.076                                       56650.882                         707.1944
              2       28598.522       3.0624214        1.049851      0.69149704     0.049707461      0.24286463       0.1158251      0.90045927       57219.515      -11.235294       -11.235294       57219.515                                       56479.392                        740.12286
              2       28522.311        3.053503       1.0515782      0.69273852     0.049672885      0.24249348      0.11207743       0.9001084       57067.092      -11.235294       -11.235294       57067.092                                       56366.758                        700.33397
              5       28514.254       3.0555433       1.0521592       0.6927252     0.049604344      0.24307561      0.11150371      0.90118599       57050.979      -11.235294       -11.235294       57050.979                                       56333.791                        717.18847
              1       28415.832       2.9836489       1.0455926       0.6837709     0.049471217      0.24220692     0.074735431      0.90250378       56854.134      -11.235294       -11.235294       56854.134                                        56343.47                        510.66482
              2       28258.403       3.0071759       1.0429541      0.67862499     0.049299019      0.24266244      0.08631698      0.90187935       56539.277      -11.235294       -11.235294       56539.277                                        55937.76                        601.51718
              3       28253.083       3.0071759       1.0429541      0.67862499     0.049299019      0.24266244      0.08631698      0.90123428       56528.636      -11.235294       -11.235294       56528.636                                       55922.838                        605.79803
              1       28252.091       3.0071759       1.0429541      0.67862499     0.049299019      0.24266244      0.08631698       0.9011034       56526.653      -11.235294       -11.235294       56526.653                                       55919.983                        606.67032
              7        28246.17       3.0071759       1.0429541      0.67862499     0.049299019      0.24266244      0.08631698      0.90021909        56514.81      -11.235294       -11.235294        56514.81                                       55902.212                        612.59843
              2       27659.199       3.0410545       1.0564176      0.68866956     0.049477745      0.23711283      0.10959063      0.90097118       55340.868      -11.235294       -11.235294       55340.868                                       54734.085                        606.78318
              7       27654.747       3.0410545       1.0564176      0.68866956     0.049477745      0.23711283      0.10959063      0.90060512       55331.965      -11.235294       -11.235294       55331.965                                       54722.724                        609.24128
              2       27650.488       3.0410545       1.0564176      0.68866956     0.049477745      0.23711283      0.10959063      0.90023579       55323.446      -11.235294       -11.235294       55323.446                                       54711.715                        611.73156
             10       27651.265       3.0410545       1.0564176      0.68866956     0.049477745      0.23711283      0.10959063      0.90030468           55325      -11.235294       -11.235294           55325                                       54713.734                        611.26629
             18        27649.05       3.0410545       1.0564176      0.68866956     0.049477745      0.23711283      0.10959063      0.90010629        55320.57      -11.235294       -11.235294        55320.57                                       54707.963                        612.60722
              6       27594.096       3.0545344       1.0574045      0.68781236     0.049549215      0.23621626      0.11583109      0.90140996       55210.663      -11.235294       -11.235294       55210.663                                       54564.164                        646.49931
              3       27579.837       3.0545344       1.0574045      0.68781236     0.049549215      0.23621626      0.11583109      0.90001397       55182.145      -11.235294       -11.235294       55182.145                                       54525.764                        656.38129
              6       27519.478       3.0604535       1.0583929      0.68660203     0.049536156      0.23598071      0.11867032      0.90049763       55061.427      -11.235294       -11.235294       55061.427                                       54382.813                        678.61409
              1       27518.929       3.0604535       1.0583929      0.68660203     0.049536156      0.23598071      0.11867032      0.90043746       55060.328      -11.235294       -11.235294       55060.328                                       54381.275                        679.05284
              1       27355.777       3.0555395       1.0570501      0.68122811     0.049403824      0.23537789      0.11689055      0.90067846       54734.024      -11.235294       -11.235294       54734.024                                       54062.466                        671.55868
              6        27355.06       3.0555395       1.0570501      0.68122811     0.049403824      0.23537789      0.11689055      0.90060876       54732.591      -11.235294       -11.235294       54732.591                                       54060.523                        672.06748
              5       27351.762       3.0555395       1.0570501      0.68122811     0.049403824      0.23537789      0.11689055      0.90027684       54725.994      -11.235294       -11.235294       54725.994                                       54051.499                        674.49569
              4       27345.087        3.056195       1.0571319      0.68128737     0.049401573      0.23535754       0.1171801      0.90034679       54712.645      -11.235294       -11.235294       54712.645                                        54036.53                        676.11541
             10       27109.883        3.044381       1.0594837      0.68062418     0.049134479       0.2359874      0.11153342      0.90034629       54242.236      -11.235294       -11.235294       54242.236                                       53591.188                        651.04897
             10       27106.915       3.0458723       1.0595895      0.68054155     0.049138133      0.23595068       0.1122205      0.90043956       54236.301      -11.235294       -11.235294       54236.301                                       53580.456                        655.84496
              5       27107.427       3.0458723       1.0595895      0.68054155     0.049138133      0.23595068       0.1122205      0.90048626       54237.324      -11.235294       -11.235294       54237.324                                       53581.813                        655.51088
              5       27108.362       3.0458723       1.0595895      0.68054155     0.049138133      0.23595068       0.1122205      0.90057075       54239.195      -11.235294       -11.235294       54239.195                                       53584.288                        654.90688
              4       27105.518       3.0181388       1.0543113      0.68120708     0.049067449      0.23544966     0.091915958      0.90662773       54233.507      -11.235294       -11.235294       54233.507                                       53683.962                        549.54494
              1       27080.171       3.0181388       1.0543113      0.68120708     0.049067449      0.23544966     0.091915958        0.904379       54182.813      -11.235294       -11.235294       54182.813                                       53618.751                          564.062
              2        27079.38       3.0181388       1.0543113      0.68120708     0.049067449      0.23544966     0.091915958      0.90429379       54181.231      -11.235294       -11.235294       54181.231                                       53616.612                        564.61962
              2        27069.31       3.0181388       1.0543113      0.68120708     0.049067449      0.23544966     0.091915958      0.90305695       54161.091      -11.235294       -11.235294       54161.091                                       53588.316                        572.77593
              1       26928.786       3.0114597       1.0601004      0.67881192     0.049071786      0.23476454     0.087456922      0.90221776       53880.042      -11.235294       -11.235294       53880.042                                        53297.04                        583.00229
              3       26709.528       3.0398521       1.0587146      0.68319313     0.048643837      0.23700208     0.099000826      0.90336935       53441.527      -11.235294       -11.235294       53441.527                                       52766.256                        675.27059
              1       26708.852       3.0398521       1.0587146      0.68319313     0.048643837      0.23700208     0.099000826      0.90317688       53440.175      -11.235294       -11.235294       53440.175                                       52763.507                        676.66807
              1        26706.08       3.0398521       1.0587146      0.68319313     0.048643837      0.23700208     0.099000826      0.90193955       53434.631      -11.235294       -11.235294       53434.631                                        52748.91                        685.72185
              1       26705.898       3.0398521       1.0587146      0.68319313     0.048643837      0.23700208     0.099000826      0.90175084       53434.267      -11.235294       -11.235294       53434.267                                       52747.153                        687.11336
              4       26676.084       3.0689201       1.0593068       0.6834848     0.048745872      0.23622613       0.1139219      0.90144586       53374.639      -11.235294       -11.235294       53374.639                                       52594.566                        780.07265
              2       26670.659       3.0609153       1.0595204      0.68414193     0.048736451       0.2361703      0.11103041       0.9005244       53363.789      -11.235294       -11.235294       53363.789                                       52616.821                        746.96779
              1        26451.57       3.0618128       1.0703456      0.67614677     0.048773168      0.23504485      0.11176517      0.90226313       52925.611      -11.235294       -11.235294       52925.611                                       52132.242                        793.36918
              1       26451.255       3.0618128       1.0703456      0.67614677     0.048773168      0.23504485      0.11176517      0.90247508        52924.98      -11.235294       -11.235294        52924.98                                       52133.349                        791.63099
              2       26451.288       3.0618128       1.0703456      0.67614677     0.048773168      0.23504485      0.11176517      0.90393697       52925.046      -11.235294       -11.235294       52925.046                                       52145.302                        779.74416
              2       26451.115       3.0618128       1.0703456      0.67614677     0.048773168      0.23504485      0.11176517      0.90259235       52924.701      -11.235294       -11.235294       52924.701                                        52134.03                        790.67085
              2       26451.711       3.0618128       1.0703456      0.67614677     0.048773168      0.23504485      0.11176517      0.90420585       52925.892      -11.235294       -11.235294       52925.892                                       52148.315                        777.57718
              3       26451.311       3.0618128       1.0703456      0.67614677     0.048773168      0.23504485      0.11176517      0.90243281       52925.093      -11.235294       -11.235294       52925.093                                       52133.116                        791.97734
              1       26450.815       3.0618128       1.0703456      0.67614677     0.048773168      0.23504485      0.11176517      0.90335899       52924.102      -11.235294       -11.235294       52924.102                                       52139.679                        784.42249
              1       26452.059       3.0618128       1.0703456      0.67614677     0.048773168      0.23504485      0.11176517      0.90438262       52926.589      -11.235294       -11.235294       52926.589                                       52150.434                         776.1558
              2       26423.306       3.0649766       1.0714918      0.67627209     0.048788842      0.23475215      0.11335812      0.90476321       52869.082      -11.235294       -11.235294       52869.082                                       52085.541                        783.54084
              3       26422.698       3.0649766       1.0714918      0.67627209     0.048788842      0.23475215      0.11335812      0.90446574       52867.867      -11.235294       -11.235294       52867.867                                       52081.919                        785.94807
              1       26422.501       3.0649766       1.0714918      0.67627209     0.048788842      0.23475215      0.11335812      0.90259987       52867.472      -11.235294       -11.235294       52867.472                                       52066.257                        801.21523
              1       26293.639       3.0617852       1.0722814      0.67672593     0.048690436      0.23455816      0.10975151      0.90495163       52609.749      -11.235294       -11.235294       52609.749                                       51827.266                        782.48323
              1       26223.737       3.0703808       1.0734832      0.67756731     0.048894305       0.2318904      0.11652708      0.90512544       52469.944      -11.235294       -11.235294       52469.944                                       51708.999                        760.94476
              1       26127.657       3.0318439       1.0779034      0.69022474     0.048830516      0.23167076      0.10201053      0.90098812       52277.785      -11.235294       -11.235294       52277.785                                       51691.762                        586.02291
              3       26127.069       3.0318439       1.0779034      0.69022474     0.048830516      0.23167076      0.10201053      0.90078153       52276.608      -11.235294       -11.235294       52276.608                                       51689.182                        587.42644
              9        26126.38       3.0318439       1.0779034      0.69022474     0.048830516      0.23167076      0.10201053      0.90049528       52275.231      -11.235294       -11.235294       52275.231                                       51685.855                        589.37685
              1       26073.331       3.0154584       1.0719337      0.69191487     0.048492042      0.23310445     0.087861342       0.9048494       52169.132      -11.235294       -11.235294       52169.132                                       51629.261                        539.87083
              2       26071.421       3.0154584       1.0719337      0.69191487     0.048492042      0.23310445     0.087861342      0.90438839       52165.313      -11.235294       -11.235294       52165.313                                       51622.528                        542.78467
              2       26069.515       3.0154584       1.0719337      0.69191487     0.048492042      0.23310445     0.087861342      0.90081717       52161.501      -11.235294       -11.235294       52161.501                                       51595.589                        565.91215
              1       26070.449       3.0154584       1.0719337      0.69191487     0.048492042      0.23310445     0.087861342        0.900505       52163.369      -11.235294       -11.235294       52163.369                                       51595.388                        567.98109
              1       26068.237       3.0154584       1.0719337      0.69191487     0.048492042      0.23310445     0.087861342      0.90140787       52158.944      -11.235294       -11.235294       52158.944                                       51596.926                        562.01813
              1       26067.562       3.0154584       1.0719337      0.69191487     0.048492042      0.23310445     0.087861342      0.90206502       52157.595      -11.235294       -11.235294       52157.595                                       51599.877                        557.71823
              1       25918.519       3.0316154       1.0757882      0.69308501     0.048516681      0.23211638     0.098562108      0.90100281        51859.51      -11.235294       -11.235294        51859.51                                       51269.596                        589.91393
              2       25919.308       3.0316154       1.0757882      0.69308501     0.048516681      0.23211638     0.098562108      0.90168859       51861.087      -11.235294       -11.235294       51861.087                                       51275.796                        585.29087
              1       25839.685       3.0168431       1.0775982      0.68485058     0.048471706      0.23219301     0.091583295      0.90148745        51701.84      -11.235294       -11.235294        51701.84                                       51118.075                        583.76512
              1       25839.735       3.0168431       1.0775982      0.68485058     0.048471706      0.23219301     0.091583295      0.90115382       51701.941      -11.235294       -11.235294       51701.941                                       51115.898                        586.04321
              1       25621.424       3.0643452       1.0820097      0.68590699     0.048547835      0.23049142      0.11443486       0.9039972       51265.318      -11.235294       -11.235294       51265.318                                       50558.268                        707.04988
              2       25592.233       3.0624517       1.0824456      0.68467869     0.048525274       0.2304486      0.11352785      0.90409963       51206.936      -11.235294       -11.235294       51206.936                                       50500.536                        706.40023
              5       25591.794       3.0624517       1.0824456      0.68467869     0.048525274       0.2304486      0.11352785      0.90325116       51206.059      -11.235294       -11.235294       51206.059                                       50493.118                        712.94175
              1       25592.966       3.0624517       1.0824456      0.68467869     0.048525274       0.2304486      0.11352785       0.9045377       51208.402      -11.235294       -11.235294       51208.402                                       50505.356                        703.04607
              2       25592.136       3.0624517       1.0824456      0.68467869     0.048525274       0.2304486      0.11352785      0.90275915       51206.743      -11.235294       -11.235294       51206.743                                       50489.981                        716.76249
              1       25591.811       3.0624517       1.0824456      0.68467869     0.048525274       0.2304486      0.11352785      0.90319479       51206.093      -11.235294       -11.235294       51206.093                                       50492.715                         713.3785
              4       25591.931       3.0624517       1.0824456      0.68467869     0.048525274       0.2304486      0.11352785      0.90297616       51206.333      -11.235294       -11.235294       51206.333                                       50491.258                        715.07481
              1       25592.372       3.0624517       1.0824456      0.68467869     0.048525274       0.2304486      0.11352785      0.90257881       51207.214      -11.235294       -11.235294       51207.214                                       50489.046                        718.16796
              6       25413.849       3.0545149       1.0844109      0.67629694     0.048352311      0.23033129      0.10705169      0.90680517       50850.168      -11.235294       -11.235294       50850.168                                       50129.626                         720.5415
              2       25413.833       3.0545149       1.0844109      0.67629694     0.048352311      0.23033129      0.10705169       0.9067721       50850.137      -11.235294       -11.235294       50850.137                                       50129.337                        720.80033
              3       25413.885       3.0545149       1.0844109      0.67629694     0.048352311      0.23033129      0.10705169      0.90687093       50850.241      -11.235294       -11.235294       50850.241                                       50130.214                        720.02701
              2       25413.877       3.0545149       1.0844109      0.67629694     0.048352311      0.23033129      0.10705169      0.90620045       50850.225      -11.235294       -11.235294       50850.225                                       50124.936                        725.28928
              1       25413.952       3.0545149       1.0844109      0.67629694     0.048352311      0.23033129      0.10705169       0.9069669       50850.375      -11.235294       -11.235294       50850.375                                       50131.098                        719.27686
              4       25413.781       3.0545149       1.0844109      0.67629694     0.048352311      0.23033129      0.10705169      0.90655814       50850.032      -11.235294       -11.235294       50850.032                                       50127.555                        722.47733
              1       25413.852       3.0545149       1.0844109      0.67629694     0.048352311      0.23033129      0.10705169      0.90681275       50850.175      -11.235294       -11.235294       50850.175                                       50129.693                        720.48219
              1       25415.346       3.0545149       1.0844109      0.67629694     0.048352311      0.23033129      0.10705169       0.9078522       50853.164      -11.235294       -11.235294       50853.164                                        50140.77                        712.39308
              3       25340.927       3.0660854       1.0875944      0.68019768     0.048411077       0.2295285      0.11559376        0.906319       50704.324      -11.235294       -11.235294       50704.324                                       49980.114                        724.20987
              1       25339.416       3.0660854       1.0875944      0.68019768     0.048411077       0.2295285      0.11559376      0.90317338       50701.303      -11.235294       -11.235294       50701.303                                       49952.131                        749.17186
              2       25318.212        3.071555       1.0886248      0.68068474     0.048444711      0.22915522      0.11871696       0.9040567       50658.894      -11.235294       -11.235294       50658.894                                       49904.773                        754.12157
              1       25318.597        3.071555       1.0886248      0.68068474     0.048444711      0.22915522      0.11871696      0.90367004       50659.664      -11.235294       -11.235294       50659.664                                       49902.413                        757.25052
              2       25318.114        3.071555       1.0886248      0.68068474     0.048444711      0.22915522      0.11871696      0.90454765       50658.698      -11.235294       -11.235294       50658.698                                       49908.531                        750.16705
              2       25318.169        3.071555       1.0886248      0.68068474     0.048444711      0.22915522      0.11871696      0.90413072       50658.809      -11.235294       -11.235294       50658.809                                       49905.285                        753.52406
              1       25318.625        3.071555       1.0886248      0.68068474     0.048444711      0.22915522      0.11871696       0.9036494        50659.72      -11.235294       -11.235294        50659.72                                       49902.302                        757.41787
              3       25318.196        3.071555       1.0886248      0.68068474     0.048444711      0.22915522      0.11871696      0.90474304       50658.862      -11.235294       -11.235294       50658.862                                       49910.264                        748.59888
              1       25318.709        3.071555       1.0886248      0.68068474     0.048444711      0.22915522      0.11871696      0.90359103       50659.888      -11.235294       -11.235294       50659.888                                       49901.996                        757.89144
              1       25319.607        3.071555       1.0886248      0.68068474     0.048444711      0.22915522      0.11871696      0.90570831       50661.685      -11.235294       -11.235294       50661.685                                       49920.786                        740.89881
              3       25318.418        3.071555       1.0886248      0.68068474     0.048444711      0.22915522      0.11871696      0.90500888       50659.306      -11.235294       -11.235294       50659.306                                       49912.836                        746.47044
              3       25318.151        3.071555       1.0886248      0.68068474     0.048444711      0.22915522      0.11871696      0.90465573       50658.772      -11.235294       -11.235294       50658.772                                       49909.473                        749.29917
              1       25182.096       3.0596818       1.0921429       0.6910008     0.048482485      0.22766473      0.11171743      0.90735042       50386.663      -11.235294       -11.235294       50386.663                                       49745.921                        640.74184
              1       25181.388       3.0596818       1.0921429       0.6910008     0.048482485      0.22766473      0.11171743      0.90714096       50385.247      -11.235294       -11.235294       50385.247                                       49742.993                        642.25329
              1       25178.674       3.0596818       1.0921429       0.6910008     0.048482485      0.22766473      0.11171743      0.90495224       50379.818      -11.235294       -11.235294       50379.818                                       49721.557                        658.26056
              1       25179.052       3.0596818       1.0921429       0.6910008     0.048482485      0.22766473      0.11171743      0.90459312       50380.575      -11.235294       -11.235294       50380.575                                       49719.651                        660.92449
              1         25178.9       3.0596818       1.0921429       0.6910008     0.048482485      0.22766473      0.11171743      0.90471246       50380.271      -11.235294       -11.235294       50380.271                                       49720.233                        660.03806
              3       25178.639       3.0596818       1.0921429       0.6910008     0.048482485      0.22766473      0.11171743      0.90500331       50379.748      -11.235294       -11.235294       50379.748                                       49721.866                        657.88258
              3        25178.55       3.0596818       1.0921429       0.6910008     0.048482485      0.22766473      0.11171743      0.90551579       50379.571      -11.235294       -11.235294       50379.571                                        49725.47                        654.10159
              1       25178.535       3.0596818       1.0921429       0.6910008     0.048482485      0.22766473      0.11171743      0.90544765        50379.54      -11.235294       -11.235294        50379.54                                       49724.937                        654.60302
              2       25178.527       3.0596818       1.0921429       0.6910008     0.048482485      0.22766473      0.11171743      0.90533998       50379.525      -11.235294       -11.235294       50379.525                                       49724.129                        655.39622
              1       25178.649       3.0596818       1.0921429       0.6910008     0.048482485      0.22766473      0.11171743      0.90498731       50379.769      -11.235294       -11.235294       50379.769                                       49721.768                        658.00101
              1       25144.212       3.0218391       1.0951944      0.69842262     0.048313695      0.22799098     0.095452912       0.9028789       50310.895      -11.235294       -11.235294       50310.895                                       49786.747                        524.14795
              1       25144.293       3.0218391       1.0951944      0.69842262     0.048313695      0.22799098     0.095452912      0.90298073       50311.057      -11.235294       -11.235294       50311.057                                        49787.55                        523.50621
              1       25144.086       3.0218391       1.0951944      0.69842262     0.048313695      0.22799098     0.095452912      0.90239038       50310.644      -11.235294       -11.235294       50310.644                                       49783.405                        527.23806
              1       25146.212       3.0218391       1.0951944      0.69842262     0.048313695      0.22799098     0.095452912      0.90096432       50314.894      -11.235294       -11.235294       50314.894                                       49778.527                        536.36648
              1        25144.41       3.0218391       1.0951944      0.69842262     0.048313695      0.22799098     0.095452912      0.90309865        50311.29      -11.235294       -11.235294        50311.29                                       49788.526                        522.76407
              1       24988.888       3.0569651       1.0969372      0.69627323     0.048365452       0.2270313      0.10782119      0.90888669       50000.246      -11.235294       -11.235294       50000.246                                       49382.053                        618.19256
              1       24988.546       3.0569651       1.0969372      0.69627323     0.048365452       0.2270313      0.10782119      0.90868174       49999.562      -11.235294       -11.235294       49999.562                                       49379.931                         619.6305
              2       24941.575       3.0379987       1.0946242      0.68770701     0.048166044      0.22817761      0.09759525      0.90846424       49905.621      -11.235294       -11.235294       49905.621                                       49291.616                        614.00531
              1       24942.557       3.0379987       1.0946242      0.68770701     0.048166044      0.22817761      0.09759525      0.90721931       49907.584      -11.235294       -11.235294       49907.584                                       49284.748                        622.83647
              2       24941.876       3.0379987       1.0946242      0.68770701     0.048166044      0.22817761      0.09759525       0.9088871       49906.222      -11.235294       -11.235294       49906.222                                       49295.188                        611.03433
              1       24841.429       3.0404109       1.0956276      0.69085341      0.04796685      0.22881744      0.10021085      0.90743621       49705.329      -11.235294       -11.235294       49705.329                                       49093.066                        612.26262
              1       24840.243       3.0404109       1.0956276      0.69085341      0.04796685      0.22881744      0.10021085      0.90593698       49702.957      -11.235294       -11.235294       49702.957                                       49080.222                        622.73529
              4       24840.185       3.0404109       1.0956276      0.69085341      0.04796685      0.22881744      0.10021085      0.90642419       49702.841      -11.235294       -11.235294       49702.841                                       49083.529                        619.31212
              1       24743.084       3.0597211       1.0970565      0.69075827     0.047995259      0.22811439       0.1106875      0.90648933       49508.639      -11.235294       -11.235294       49508.639                                       48839.061                        669.57783
              1       24720.877       3.0548272       1.0967973      0.68674996     0.048022789      0.22777799      0.10716941      0.90649285       49464.224      -11.235294       -11.235294       49464.224                                       48787.096                        677.12769
              1       24444.358       2.9977469       1.0885314      0.68125615     0.047327914       0.2299569     0.080998884      0.90311891       48911.187      -11.235294       -11.235294       48911.187                                       48369.031                        542.15549
              2       24436.855       3.0023859       1.0889067      0.68519249     0.047186878      0.23063285      0.08231006      0.90320069       48896.181      -11.235294       -11.235294       48896.181                                       48348.252                        547.92833
              1       24290.933        3.056501       1.0903921       0.6830172     0.047305133      0.22954766      0.10788037      0.90357217       48604.336      -11.235294       -11.235294       48604.336                                       47882.343                        721.99259
              1       24290.769        3.056501       1.0903921       0.6830172     0.047305133      0.22954766      0.10788037      0.90367935       48604.008      -11.235294       -11.235294       48604.008                                       47882.847                        721.16162
              3       24290.227        3.056501       1.0903921       0.6830172     0.047305133      0.22954766      0.10788037      0.90432735       48602.924      -11.235294       -11.235294       48602.924                                       47886.766                         716.1581
              1       24291.052        3.056501       1.0903921       0.6830172     0.047305133      0.22954766      0.10788037      0.90350176       48604.574      -11.235294       -11.235294       48604.574                                       47882.035                        722.53896
              1       24291.374        3.056501       1.0903921       0.6830172     0.047305133      0.22954766      0.10788037      0.90333294       48605.218      -11.235294       -11.235294       48605.218                                       47881.367                        723.85078
              2       24290.609        3.056501       1.0903921       0.6830172     0.047305133      0.22954766      0.10788037      0.90512608       48603.688      -11.235294       -11.235294       48603.688                                       47893.649                        710.03867
              2       24290.292        3.056501       1.0903921       0.6830172     0.047305133      0.22954766      0.10788037      0.90476377       48603.055      -11.235294       -11.235294       48603.055                                       47890.247                        712.80796
              8       24253.391       3.0753206       1.0938283      0.68477086     0.047442407      0.22849222      0.11968057      0.90365139       48529.254      -11.235294       -11.235294       48529.254                                       47771.676                        757.57781
              1        24253.95       3.0753206       1.0938283      0.68477086     0.047442407      0.22849222      0.11968057      0.90414374        48530.37      -11.235294       -11.235294        48530.37                                        47776.71                        753.66038
              1       24253.591       3.0753206       1.0938283      0.68477086     0.047442407      0.22849222      0.11968057      0.90387532       48529.653      -11.235294       -11.235294       48529.653                                       47773.859                        755.79354
              1       23931.308       3.0164406       1.0736752      0.68770736     0.045691778      0.23401313     0.083115937        0.904339       47885.087      -11.235294       -11.235294       47885.087                                       47304.955                        580.13183
              1       23483.732       3.0419902       1.0784462       0.6857825     0.045829094      0.23110496     0.097148462      0.90630787       46989.934      -11.235294       -11.235294       46989.934                                       46356.441                        633.49251
              1       23464.286       3.0419902       1.0784462       0.6857825     0.045829094      0.23110496     0.097148462      0.90205553       46951.043      -11.235294       -11.235294       46951.043                                       46288.217                        662.82585
              1       23465.607       3.0419902       1.0784462       0.6857825     0.045829094      0.23110496     0.097148462      0.90038882       46953.685      -11.235294       -11.235294       46953.685                                       46278.975                        674.71052
              1       23459.192       3.0422905       1.0865863      0.69006676     0.045832624       0.2305002     0.095638291      0.90321168       46940.855      -11.235294       -11.235294       46940.855                                       46283.596                        657.25935
              4       23457.555       3.0422905       1.0865863      0.69006676     0.045832624       0.2305002     0.095638291      0.90507823       46937.581      -11.235294       -11.235294       46937.581                                        46293.22                        644.36039
              1       22974.923       3.0512494       1.0931361      0.68014796     0.046004978      0.22788615      0.10187879      0.90504657       45972.316      -11.235294       -11.235294       45972.316                                       45261.082                        711.23408
              2       22787.879       3.0515033       1.0972747      0.67525205      0.04566851      0.22904055      0.10216703      0.90494858       45598.228      -11.235294       -11.235294       45598.228                                       44839.222                        759.00606
              2       22787.682       3.0515033       1.0972747      0.67525205      0.04566851      0.22904055      0.10216703      0.90665763       45597.834      -11.235294       -11.235294       45597.834                                       44852.216                        745.61791
              4       22787.289       3.0515033       1.0972747      0.67525205      0.04566851      0.22904055      0.10216703      0.90542222       45597.048      -11.235294       -11.235294       45597.048                                       44841.777                        755.27124
              1       22787.545       3.0515033       1.0972747      0.67525205      0.04566851      0.22904055      0.10216703      0.90655642       45597.561      -11.235294       -11.235294       45597.561                                       44851.157                        746.40394
              1         22711.2       3.0426398       1.0986259      0.67554639     0.045652927       0.2284391     0.099199099      0.90599398       45444.871      -11.235294       -11.235294       45444.871                                       44738.072                        706.79915
              5       22692.718         3.02455       1.0949969      0.66930665      0.04538469      0.23032908     0.088931976      0.90551083       45407.906      -11.235294       -11.235294       45407.906                                       44706.879                        701.02705
              3        22225.39        3.071386       1.0991548      0.67018386     0.045310455      0.22750246      0.11682383      0.90482984        44473.25      -11.235294       -11.235294        44473.25                                       43662.549                        810.70112
              1       22163.024       2.9918316       1.0911269      0.65955491     0.045023229      0.22887851     0.076241265      0.90407063       44348.519      -11.235294       -11.235294       44348.519                                       43736.992                        611.52721
              1       22157.269       2.9918316       1.0911269      0.65955491     0.045023229      0.22887851     0.076241265      0.90238734       44337.008      -11.235294       -11.235294       44337.008                                       43713.539                         623.4693
              2       22156.333       2.9918316       1.0911269      0.65955491     0.045023229      0.22887851     0.076241265      0.90154395       44335.136      -11.235294       -11.235294       44335.136                                       43705.594                        629.54173
              2       22113.482       2.9895559       1.0912159      0.66130438     0.044944195      0.22888018     0.073939674      0.90281307       44249.435      -11.235294       -11.235294       44249.435                                       43637.005                         612.4308
              1       22021.201        3.010879       1.0947234      0.66080833     0.045080088      0.22750554     0.086135913      0.90282392       44064.873      -11.235294       -11.235294       44064.873                                       43399.521                        665.35217
              1       21683.074       2.9925339       1.0931052      0.65077308     0.044841964      0.22643705     0.080930452      0.90079616       43388.619      -11.235294       -11.235294       43388.619                                       42756.674                        631.94557
              4       21682.125       2.9925339       1.0931052      0.65077308     0.044841964      0.22643705     0.080930452      0.90049578       43386.721      -11.235294       -11.235294       43386.721                                       42752.544                        634.17647
              1       21680.085       2.9993211       1.0942582      0.64813284     0.044827679      0.22662582       0.0842704      0.90049641       43382.641      -11.235294       -11.235294       43382.641                                       42710.686                        671.95471
              7       21680.846       2.9993211       1.0942582      0.64813284     0.044827679      0.22662582       0.0842704      0.90082054       43384.162      -11.235294       -11.235294       43384.162                                       42714.708                        669.45425
              3       21679.815       2.9993211       1.0942582      0.64813284     0.044827679      0.22662582       0.0842704      0.90035538         43382.1      -11.235294       -11.235294         43382.1                                       42709.054                        673.04554
              3       21607.681       3.0170404       1.0954385      0.64262786     0.044847689      0.22562399     0.094535724      0.90019915       43237.832      -11.235294       -11.235294       43237.832                                       42498.792                        739.03941
              3       21608.574       3.0170404       1.0954385      0.64262786     0.044847689      0.22562399     0.094535724      0.90062061       43239.618      -11.235294       -11.235294       43239.618                                       42504.055                         735.5627
              9       21609.233       3.0170404       1.0954385      0.64262786     0.044847689      0.22562399     0.094535724      0.90086225       43240.936      -11.235294       -11.235294       43240.936                                        42507.36                        733.57659
              4       21597.092       3.0267219       1.0940373      0.64458948     0.044812892      0.22608343     0.098372548      0.90128596       43216.655      -11.235294       -11.235294       43216.655                                       42454.893                         761.7613
              2       21594.432       3.0267219       1.0940373      0.64458948     0.044812892      0.22608343     0.098372548      0.90023692       43211.334      -11.235294       -11.235294       43211.334                                       42440.774                        770.56078
              1       21596.218       3.0267219       1.0940373      0.64458948     0.044812892      0.22608343     0.098372548      0.90101714       43214.906      -11.235294       -11.235294       43214.906                                       42450.899                        764.00676
              4       21595.431       3.0267219       1.0940373      0.64458948     0.044812892      0.22608343     0.098372548      0.90073043       43213.333      -11.235294       -11.235294       43213.333                                       42446.924                        766.40881
              1       21594.242       3.0267219       1.0940373      0.64458948     0.044812892      0.22608343     0.098372548      0.90010602       43210.955      -11.235294       -11.235294       43210.955                                       42439.289                        771.66569
              1        21594.16       3.0267219       1.0940373      0.64458948     0.044812892      0.22608343     0.098372548      0.90004152       43210.792      -11.235294       -11.235294       43210.792                                       42438.581                        772.21067
              3       21588.326       3.0247645       1.0942102      0.64522103     0.044770001      0.22644927     0.095318764      0.90167106       43199.123      -11.235294       -11.235294       43199.123                                       42430.097                        769.02598
              1       21398.795       2.9894967       1.0942865      0.64422578     0.044538742      0.22629985     0.074020187      0.90459358       42820.062      -11.235294       -11.235294       42820.062                                       42157.968                        662.09321
              1       21387.428       2.9786534       1.0941159      0.64526506     0.044498822      0.22644697     0.070006247      0.90323491       42797.326      -11.235294       -11.235294       42797.326                                       42170.432                        626.89455
              3       21387.692       2.9786534       1.0941159      0.64526506     0.044498822      0.22644697     0.070006247      0.90343416       42797.854      -11.235294       -11.235294       42797.854                                       42172.436                        625.41779
              2       21388.282       2.9786534       1.0941159      0.64526506     0.044498822      0.22644697     0.070006247      0.90376043       42799.034      -11.235294       -11.235294       42799.034                                       42176.027                        623.00702
              2       21387.077       2.9786534       1.0941159      0.64526506     0.044498822      0.22644697     0.070006247      0.90256844       42796.625      -11.235294       -11.235294       42796.625                                       42164.766                        631.85929
              4       21387.113       2.9786534       1.0941159      0.64526506     0.044498822      0.22644697     0.070006247      0.90281873       42796.696      -11.235294       -11.235294       42796.696                                       42166.705                        629.99028
              2       21387.608       2.9786534       1.0941159      0.64526506     0.044498822      0.22644697     0.070006247      0.90337638       42797.686      -11.235294       -11.235294       42797.686                                        42171.84                        625.84568
              1       21387.844       2.9786534       1.0941159      0.64526506     0.044498822      0.22644697     0.070006247      0.90352928       42798.158      -11.235294       -11.235294       42798.158                                       42173.444                          624.714
              1       21387.098       2.9786534       1.0941159      0.64526506     0.044498822      0.22644697     0.070006247      0.90277662       42796.668      -11.235294       -11.235294       42796.668                                       42166.363                        630.30442
              4       21387.075       2.9786534       1.0941159      0.64526506     0.044498822      0.22644697     0.070006247      0.90260255       42796.621      -11.235294       -11.235294       42796.621                                       42165.017                         631.6043
              1       21387.377       2.9786534       1.0941159      0.64526506     0.044498822      0.22644697     0.070006247      0.90318895       42797.225      -11.235294       -11.235294       42797.225                                       42169.989                        627.23573
              1       21387.131       2.9786534       1.0941159      0.64526506     0.044498822      0.22644697     0.070006247      0.90237279       42796.732      -11.235294       -11.235294       42796.732                                       42163.408                         633.3241
              1       21380.961       3.0644599       1.0823586      0.63109016     0.044377127      0.22743867      0.11328106      0.90047353       42784.393      -11.235294       -11.235294       42784.393                                       41783.697                        1000.6963
              2       21381.151       3.0644599       1.0823586      0.63109016     0.044377127      0.22743867      0.11328106      0.90121303       42784.772      -11.235294       -11.235294       42784.772                                       41791.344                        993.42815
              3       21383.322       3.0688009       1.0829422      0.63139453     0.044399866      0.22726446       0.1158723      0.90164009       42789.114      -11.235294       -11.235294       42789.114                                       41787.897                         1001.217
              4       21382.142       3.0688009       1.0829422      0.63139453     0.044399866      0.22726446       0.1158723      0.90038031       42786.755      -11.235294       -11.235294       42786.755                                       41773.098                        1013.6564
              4       21340.163       3.0772033       1.0868362      0.62995712     0.044386321      0.22683993      0.11933301      0.90187743       42702.796      -11.235294       -11.235294       42702.796                                       41647.075                        1055.7202
              2       21340.513       3.0772033       1.0868362      0.62995712     0.044386321      0.22683993      0.11933301      0.90150567       42703.496      -11.235294       -11.235294       42703.496                                       41643.991                        1059.5044
              1       21340.067       3.0772033       1.0868362      0.62995712     0.044386321      0.22683993      0.11933301       0.9021906       42702.605      -11.235294       -11.235294       42702.605                                       41650.062                        1052.5428
              1       21340.083       3.0772033       1.0868362      0.62995712     0.044386321      0.22683993      0.11933301      0.90206738       42702.637      -11.235294       -11.235294       42702.637                                       41648.845                        1053.7919
              3       21340.095       3.0772033       1.0868362      0.62995712     0.044386321      0.22683993      0.11933301      0.90237105        42702.66      -11.235294       -11.235294        42702.66                                       41651.944                        1050.7161
              1       21340.584       3.0772033       1.0868362      0.62995712     0.044386321      0.22683993      0.11933301      0.90294665        42703.64      -11.235294       -11.235294        42703.64                                       41658.729                        1044.9102
              1        21340.43       3.0772033       1.0868362      0.62995712     0.044386321      0.22683993      0.11933301       0.9015732        42703.33      -11.235294       -11.235294        42703.33                                       41644.514                         1058.816
              1       21284.485       3.0572709       1.0783991      0.62567383     0.044119606      0.22855155      0.10481542      0.90388128        42591.44      -11.235294       -11.235294        42591.44                                       41575.571                        1015.8694
              1       21086.747        3.018927       1.0787682      0.63494526     0.044069261      0.22745311     0.082694106      0.90780101       42195.964      -11.235294       -11.235294       42195.964                                       41403.826                        792.13769
              1       21085.761        3.018927       1.0787682      0.63494526     0.044069261      0.22745311     0.082694106      0.90747765       42193.993      -11.235294       -11.235294       42193.993                                         41399.1                        794.89229
              1       20808.867        3.020972       1.0771817      0.64040964     0.043820364      0.22703183     0.092146127      0.90079092       41640.204      -11.235294       -11.235294       41640.204                                       40884.299                        755.90506
              1       20665.827       3.0525653       1.0878979      0.64778124     0.044003678      0.22435857       0.1093047      0.90281647       41354.125      -11.235294       -11.235294       41354.125                                       40555.394                        798.73102
              1       20458.376       2.9933641       1.0838544      0.64676325     0.043469847      0.22591354     0.076164088      0.90538653       40939.223      -11.235294       -11.235294       40939.223                                       40318.794                        620.42892
              1       20433.656       2.9933641       1.0838544      0.64676325     0.043469847      0.22591354     0.076164088      0.90237191       40889.783      -11.235294       -11.235294       40889.783                                       40247.397                        642.38517
              3       20424.704       2.9897375       1.0839436      0.64684479     0.043482455      0.22570658     0.075109908      0.90186552       40871.879      -11.235294       -11.235294       40871.879                                       40243.449                        628.43008
              1       20125.221       3.0328864       1.0897995       0.6483391     0.043403978      0.22386653      0.10031372      0.90126713       40272.913      -11.235294       -11.235294       40272.913                                       39541.542                        731.37168
              1       20025.946        3.045883       1.0854136      0.64728103     0.043373029      0.22332393      0.10572384      0.90255035       40074.363      -11.235294       -11.235294       40074.363                                       39313.252                        761.11119
              1       20024.034        3.045883       1.0854136      0.64728103     0.043373029      0.22332393      0.10572384      0.90235809       40070.538      -11.235294       -11.235294       40070.538                                       39307.845                        762.69298
              2       20011.924        3.045883       1.0854136      0.64728103     0.043373029      0.22332393      0.10572384      0.90093222       40046.319      -11.235294       -11.235294       40046.319                                       39271.794                        774.52502
              1       20014.153        3.045883       1.0854136      0.64728103     0.043373029      0.22332393      0.10572384      0.90123047       40050.777      -11.235294       -11.235294       40050.777                                       39278.742                        772.03527
              3       20008.659        3.045883       1.0854136      0.64728103     0.043373029      0.22332393      0.10572384      0.90044959       40039.789      -11.235294       -11.235294       40039.789                                       39261.219                        778.57049
              1       20009.666        3.045883       1.0854136      0.64728103     0.043373029      0.22332393      0.10572384       0.9006052       40041.802      -11.235294       -11.235294       40041.802                                       39264.538                        777.26392
              2       20009.711        3.045883       1.0854136      0.64728103     0.043373029      0.22332393      0.10572384      0.90061205       40041.893      -11.235294       -11.235294       40041.893                                       39264.686                        777.20645
              8       20006.384        3.045883       1.0854136      0.64728103     0.043373029      0.22332393      0.10572384      0.90006882       40035.238      -11.235294       -11.235294       40035.238                                       39253.461                         781.7768
              1       19884.544       3.0208399       1.0843391      0.65628516     0.043370665       0.2213899     0.088624837      0.90605836       39791.559      -11.235294       -11.235294       39791.559                                       39173.497                        618.06171
              2       19839.917        3.012811       1.0846907      0.65519761     0.043289539      0.22155083     0.084623181      0.90611127       39702.306      -11.235294       -11.235294       39702.306                                       39100.858                        601.44786
              2       19820.819        3.012811       1.0846907      0.65519761     0.043289539      0.22155083     0.084623181      0.90357929       39664.109      -11.235294       -11.235294       39664.109                                       39044.426                        619.68317
              3       19819.125        3.012811       1.0846907      0.65519761     0.043289539      0.22155083     0.084623181      0.90323619        39660.72      -11.235294       -11.235294        39660.72                                       39038.524                        622.19579
              1       19695.373       3.0548281       1.0943555      0.65188017     0.043559391       0.2190264      0.10887879      0.90309297       39413.217      -11.235294       -11.235294       39413.217                                       38663.137                        750.08015
              2       19692.737       3.0548281       1.0943555      0.65188017     0.043559391       0.2190264      0.10887879      0.90210364       39407.945      -11.235294       -11.235294       39407.945                                       38649.541                         758.4035
              3       19693.721       3.0548281       1.0943555      0.65188017     0.043559391       0.2190264      0.10887879       0.9025571       39409.912      -11.235294       -11.235294       39409.912                                       38655.334                        754.57754
              2       19691.939       3.0548281       1.0943555      0.65188017     0.043559391       0.2190264      0.10887879      0.90101359       39406.349      -11.235294       -11.235294       39406.349                                       38638.673                        767.67675
              1       19691.964       3.0548281       1.0943555      0.65188017     0.043559391       0.2190264      0.10887879      0.90094508       39406.398      -11.235294       -11.235294       39406.398                                       38638.135                        768.26319
              1       19691.929       3.0548281       1.0943555      0.65188017     0.043559391       0.2190264      0.10887879      0.90127689       39406.328      -11.235294       -11.235294       39406.328                                       38640.901                        765.42688
              2       19691.929       3.0548281       1.0943555      0.65188017     0.043559391       0.2190264      0.10887879      0.90127915       39406.329      -11.235294       -11.235294       39406.329                                       38640.921                        765.40758
              1       19692.531       3.0548281       1.0943555      0.65188017     0.043559391       0.2190264      0.10887879      0.90197738       39407.533      -11.235294       -11.235294       39407.533                                       38648.061                        759.47206
              1       19692.304       3.0548281       1.0943555      0.65188017     0.043559391       0.2190264      0.10887879      0.90181015       39407.079      -11.235294       -11.235294       39407.079                                       38646.189                         760.8896
              2       19691.923       3.0548281       1.0943555      0.65188017     0.043559391       0.2190264      0.10887879      0.90108879       39406.317      -11.235294       -11.235294       39406.317                                       38639.283                         767.0335
              1        19691.95       3.0548281       1.0943555      0.65188017     0.043559391       0.2190264      0.10887879      0.90097982       39406.371      -11.235294       -11.235294       39406.371                                       38638.405                        767.96579
              2       19692.022       3.0548281       1.0943555      0.65188017     0.043559391       0.2190264      0.10887879      0.90150121       39406.514      -11.235294       -11.235294       39406.514                                       38642.999                        763.51508
              1       19692.174       3.0548281       1.0943555      0.65188017     0.043559391       0.2190264      0.10887879      0.90169058       39406.818      -11.235294       -11.235294       39406.818                                       38644.913                        761.90472
              3       19691.953       3.0548281       1.0943555      0.65188017     0.043559391       0.2190264      0.10887879      0.90097083       39406.378      -11.235294       -11.235294       39406.378                                       38638.335                         768.0427
              1       19691.922       3.0548281       1.0943555      0.65188017     0.043559391       0.2190264      0.10887879      0.90109856       39406.314      -11.235294       -11.235294       39406.314                                       38639.364                        766.95002
              1       19691.965       3.0548281       1.0943555      0.65188017     0.043559391       0.2190264      0.10887879       0.9009411       39406.401      -11.235294       -11.235294       39406.401                                       38638.104                        768.29731
              1        19691.98       3.0548281       1.0943555      0.65188017     0.043559391       0.2190264      0.10887879      0.90090825       39406.431      -11.235294       -11.235294       39406.431                                       38637.852                        768.57862
              4       19692.008       3.0548281       1.0943555      0.65188017     0.043559391       0.2190264      0.10887879      0.90147839       39406.486      -11.235294       -11.235294       39406.486                                       38642.777                        763.70935
              1        19691.96       3.0548281       1.0943555      0.65188017     0.043559391       0.2190264      0.10887879      0.90095359       39406.391      -11.235294       -11.235294       39406.391                                         38638.2                        768.19035
              2       19691.924       3.0548281       1.0943555      0.65188017     0.043559391       0.2190264      0.10887879      0.90108151       39406.319      -11.235294       -11.235294       39406.319                                       38639.223                        767.09576
              1       19563.237       3.0628276       1.0944023      0.65208432     0.043428517      0.21891831      0.11215903       0.9022136       39148.945      -11.235294       -11.235294       39148.945                                       38361.494                        787.45147
              1       19563.327       3.0628276       1.0944023      0.65208432     0.043428517      0.21891831      0.11215903      0.90228303       39149.125      -11.235294       -11.235294       39149.125                                       38362.273                         786.8521
              2       19563.128       3.0628276       1.0944023      0.65208432     0.043428517      0.21891831      0.11215903       0.9021176       39148.726      -11.235294       -11.235294       39148.726                                       38360.445                        788.28095
              1       19562.512       3.0627987       1.0944129      0.65208287     0.043428411      0.21891303      0.11214392      0.90212481       39147.494      -11.235294       -11.235294       39147.494                                       38359.332                        788.16214
              2       19562.265       3.0627987       1.0944129      0.65208287     0.043428411      0.21891303      0.11214392      0.90134254           39147      -11.235294       -11.235294           39147                                       38352.048                        794.95211
              1       19562.219       3.0627987       1.0944129      0.65208287     0.043428411      0.21891303      0.11214392      0.90153517       39146.909      -11.235294       -11.235294       39146.909                                       38353.634                        793.27497
              1       19561.472       3.0634555       1.0946539      0.65177523     0.043424187      0.21894543      0.11229737      0.90169331       39145.415      -11.235294       -11.235294       39145.415                                       38347.233                         798.1822
              2       19561.563       3.0634555       1.0946539      0.65177523     0.043424187      0.21894543      0.11229737      0.90145317       39145.597      -11.235294       -11.235294       39145.597                                       38345.315                        800.28113
              6       19561.493       3.0634555       1.0946539      0.65177523     0.043424187      0.21894543      0.11229737      0.90194361       39145.457      -11.235294       -11.235294       39145.457                                       38349.457                         796.0001
              1        19561.58       3.0634555       1.0946539      0.65177523     0.043424187      0.21894543      0.11229737      0.90212228        39145.63      -11.235294       -11.235294        39145.63                                       38351.184                        794.44593
              4       19562.401       3.0634555       1.0946539      0.65177523     0.043424187      0.21894543      0.11229737      0.90277463       39147.272      -11.235294       -11.235294       39147.272                                       38358.476                        788.79638
              8       19536.484       3.0760903       1.0964763      0.64707562     0.043473064      0.21832156      0.11928326      0.90286392       39095.439      -11.235294       -11.235294       39095.439                                       38243.624                        851.81504
              4       19536.209       3.0760903       1.0964763      0.64707562     0.043473064      0.21832156      0.11928326       0.9023688       39094.889      -11.235294       -11.235294       39094.889                                       38238.556                        856.33291
              2       19536.277       3.0760903       1.0964763      0.64707562     0.043473064      0.21832156      0.11928326      0.90204418       39095.025      -11.235294       -11.235294       39095.025                                       38235.718                        859.30741
              1       19512.075       3.0433288        1.088941      0.64895803     0.043192061      0.22022867      0.10061655      0.90218421       39046.621      -11.235294       -11.235294       39046.621                                       38295.872                        750.74889
              1       19511.775       3.0433288        1.088941      0.64895803     0.043192061      0.22022867      0.10061655      0.90174167       39046.021      -11.235294       -11.235294       39046.021                                       38291.554                        754.46651
              1       19511.893       3.0433288        1.088941      0.64895803     0.043192061      0.22022867      0.10061655      0.90121993       39046.256      -11.235294       -11.235294       39046.256                                       38287.384                        758.87219
              3       19512.255       3.0433288        1.088941      0.64895803     0.043192061      0.22022867      0.10061655       0.9008727       39046.981      -11.235294       -11.235294       39046.981                                       38285.163                        761.81792
              5       19511.759       3.0433288        1.088941      0.64895803     0.043192061      0.22022867      0.10061655      0.90164978       39045.988      -11.235294       -11.235294       39045.988                                       38290.748                        755.24066
              1       19512.891       3.0433288        1.088941      0.64895803     0.043192061      0.22022867      0.10061655      0.90050306       39048.253      -11.235294       -11.235294       39048.253                                       38283.287                         764.9659
              3       19512.597       3.0433288        1.088941      0.64895803     0.043192061      0.22022867      0.10061655      0.90065555       39047.665      -11.235294       -11.235294       39047.665                                           38284                        763.66576
              1       19511.768       3.0433288        1.088941      0.64895803     0.043192061      0.22022867      0.10061655      0.90171293       39046.007      -11.235294       -11.235294       39046.007                                       38291.299                         754.7085
              2       19511.804       3.0433288        1.088941      0.64895803     0.043192061      0.22022867      0.10061655      0.90182519       39046.078      -11.235294       -11.235294       39046.078                                       38292.314                        753.76353
              3       19491.469       3.0420439       1.0867997      0.64205756     0.043342133      0.21864312     0.097329825      0.90529132       39005.409      -11.235294       -11.235294       39005.409                                       38250.478                        754.93124
              3       19114.747       3.0802131       1.0960936      0.65915202     0.043325378      0.21549688      0.11301153      0.91255854       38251.964      -11.235294       -11.235294       38251.964                                        37504.66                        747.30355
              1       19108.592       3.0802131       1.0960936      0.65915202     0.043325378      0.21549688      0.11301153       0.9113908       38239.654      -11.235294       -11.235294       38239.654                                        37482.64                         757.0139
              4       19103.885       3.0802131       1.0960936      0.65915202     0.043325378      0.21549688      0.11301153      0.90863751       38230.241      -11.235294       -11.235294       38230.241                                       37449.854                        780.38788
              2       19069.526       2.9604447       1.0736365      0.66001284     0.042653773        0.218491     0.047814997      0.91008113       38161.522      -11.235294       -11.235294       38161.522                                       37725.337                         436.1849
              6       18944.663        2.968746       1.0638821      0.66251567     0.042519658      0.21794448     0.053410007      0.90887655       37911.796      -11.235294       -11.235294       37911.796                                       37490.378                        421.41813
              1       18856.478       3.0132926       1.0640551      0.66874337     0.042402771      0.21727038     0.076052497      0.90948955       37735.427      -11.235294       -11.235294       37735.427                                       37249.214                        486.21336
              1       18842.073       3.0132926       1.0640551      0.66874337     0.042402771      0.21727038     0.076052497      0.90804065       37706.616      -11.235294       -11.235294       37706.616                                       37211.443                        495.17294
              2       18828.614       3.0132926       1.0640551      0.66874337     0.042402771      0.21727038     0.076052497      0.90608774       37679.699      -11.235294       -11.235294       37679.699                                       37172.188                        507.51125
              1       18821.703       3.0132926       1.0640551      0.66874337     0.042402771      0.21727038     0.076052497      0.90378436       37665.877      -11.235294       -11.235294       37665.877                                        37143.42                        522.45669
              1       18548.479        3.011261       1.0696606       0.6723349     0.042495323      0.21437361      0.08139039      0.90125572       37119.429      -11.235294       -11.235294       37119.429                                       36645.233                        474.19627
              3       18547.681        3.011261       1.0696606       0.6723349     0.042495323      0.21437361      0.08139039      0.90101078       37117.832      -11.235294       -11.235294       37117.832                                       36642.098                        475.73431
              1       18509.823       3.0169825       1.0707724      0.67111128     0.042496994       0.2143172     0.084548939      0.90089939       37042.116      -11.235294       -11.235294       37042.116                                       36546.062                        496.05347
              2       18503.375       3.0277566        1.072685      0.67123757     0.042632006      0.21367536     0.090808901      0.90059694       37029.221      -11.235294       -11.235294       37029.221                                       36508.967                        520.25352
              1       18357.539       3.0105953       1.0720265      0.66061374     0.042697565      0.21299079     0.075570516      0.90709475       36737.549      -11.235294       -11.235294       36737.549                                       36219.571                        517.97742
              3       18357.213       3.0105953       1.0720265      0.66061374     0.042697565      0.21299079     0.075570516        0.906592       36736.896      -11.235294       -11.235294       36736.896                                       36215.452                        521.44409
              2       18290.546       3.0330962       1.0741491      0.65828554     0.042760725      0.21223181     0.088320255      0.90607208       36603.564      -11.235294       -11.235294       36603.564                                       36018.961                        584.60273
              3       18291.338       3.0330962       1.0741491      0.65828554     0.042760725      0.21223181     0.088320255      0.90516314       36605.146      -11.235294       -11.235294       36605.146                                       36013.722                        591.42414
              1       18240.861       2.9468404       1.0745696      0.67501642     0.042629351      0.21053521     0.046379019      0.90608541       36504.194      -11.235294       -11.235294       36504.194                                        36192.14                        312.05355
              3       18237.677       2.9468404       1.0745696      0.67501642     0.042629351      0.21053521     0.046379019      0.90408911       36497.824      -11.235294       -11.235294       36497.824                                       36175.883                        321.94069
              1       18236.579       2.9918869       1.0767271      0.67432158     0.043283441      0.20696911     0.067169125        0.907894        36495.63      -11.235294       -11.235294        36495.63                                       36109.491                         386.1384
              1       18072.568       3.0277439       1.0880031      0.67313196     0.043430725      0.20466484     0.086197475      0.90992486       36167.607      -11.235294       -11.235294       36167.607                                       35713.972                        453.63483
              1       18072.263       3.0277439       1.0880031      0.67313196     0.043430725      0.20466484     0.086197475      0.91100033       36166.997      -11.235294       -11.235294       36166.997                                       35720.411                        446.58544
              2       18072.131       3.0277439       1.0880031      0.67313196     0.043430725      0.20466484     0.086197475      0.91053474       36166.733      -11.235294       -11.235294       36166.733                                       35717.108                        449.62505
              1       18073.105       3.0277439       1.0880031      0.67313196     0.043430725      0.20466484     0.086197475      0.91164394       36168.681      -11.235294       -11.235294       36168.681                                       35726.267                        442.41413
              1       18071.683       3.0279646       1.0880992      0.67307858     0.043431223       0.2046474     0.086359895      0.91162207       36165.836      -11.235294       -11.235294       36165.836                                       35722.823                        443.01289
              1       18070.747       3.0279646       1.0880992      0.67307858     0.043431223       0.2046474     0.086359895      0.91043847       36163.965      -11.235294       -11.235294       36163.965                                       35713.246                        450.71892
              4       18070.755       3.0279646       1.0880992      0.67307858     0.043431223       0.2046474     0.086359895      0.91079255       36163.981      -11.235294       -11.235294       36163.981                                        35715.58                        448.40102
              1       18031.789       3.0123312       1.0898145      0.67169748     0.043525619      0.20307848     0.081086448      0.90899062       36086.048      -11.235294       -11.235294       36086.048                                       35676.521                        409.52668
              1       18032.116       3.0123312       1.0898145      0.67169748     0.043525619      0.20307848     0.081086448      0.90875728       36086.702      -11.235294       -11.235294       36086.702                                       35675.704                        410.99815
              1       18031.432       3.0123312       1.0898145      0.67169748     0.043525619      0.20307848     0.081086448      0.90948668       36085.335      -11.235294       -11.235294       36085.335                                        35678.92                        406.41415
              1       18007.531       2.9640884       1.0832833      0.68343478     0.043182177      0.20490336     0.056677184      0.90931455       36037.532      -11.235294       -11.235294       36037.532                                       35754.767                        282.76489
              3       17999.726       2.9640884       1.0832833      0.68343478     0.043182177      0.20490336     0.056677184      0.90722612       36021.922      -11.235294       -11.235294       36021.922                                       35729.115                        292.80639
              4       17993.162       2.9522493       1.0834112      0.67456345     0.043289875      0.20426457     0.053690804      0.90493036       36008.794      -11.235294       -11.235294       36008.794                                       35712.648                        296.14622
              1       17880.877       3.0223346       1.0890331      0.67545843     0.043485675      0.20229027     0.093808906      0.90243619       35784.224      -11.235294       -11.235294       35784.224                                       35375.963                        408.26128
              2       17880.848       3.0223346       1.0890331      0.67545843     0.043485675      0.20229027     0.093808906      0.90233105       35784.167      -11.235294       -11.235294       35784.167                                       35375.242                        408.92502
              1       17745.886       3.0279234       1.0768533      0.66859246     0.043290256      0.20224899     0.094500621      0.90353278       35514.242      -11.235294       -11.235294       35514.242                                       35086.807                        427.43439
              1       17646.196       3.0572815       1.0853866      0.67218588      0.04357817      0.19847924      0.10995314      0.90676457       35314.863      -11.235294       -11.235294       35314.863                                       34874.179                        440.68338
              1       17644.922       3.0572815       1.0853866      0.67218588      0.04357817      0.19847924      0.10995314      0.90345605       35312.314      -11.235294       -11.235294       35312.314                                       34849.001                         463.3133
              1       17643.517       3.0572815       1.0853866      0.67218588      0.04357817      0.19847924      0.10995314      0.90412263       35309.505      -11.235294       -11.235294       35309.505                                       34850.829                        458.67533
              1       17642.971       3.0572815       1.0853866      0.67218588      0.04357817      0.19847924      0.10995314       0.9047336       35308.412      -11.235294       -11.235294       35308.412                                       34853.953                        454.45934
              1       17644.246       3.0572815       1.0853866      0.67218588      0.04357817      0.19847924      0.10995314      0.90607885       35310.963      -11.235294       -11.235294       35310.963                                       34865.669                        445.29383
              2       17644.573       3.0572815       1.0853866      0.67218588      0.04357817      0.19847924      0.10995314      0.90621895       35311.618      -11.235294       -11.235294       35311.618                                       34867.269                        444.34849
              1       17643.343       3.0572815       1.0853866      0.67218588      0.04357817      0.19847924      0.10995314      0.90555197       35309.156      -11.235294       -11.235294       35309.156                                       34860.291                        448.86445
              1       17565.439       3.0551184       1.0843176      0.67091453     0.043474891      0.19854435      0.10824528       0.9059757       35153.349      -11.235294       -11.235294       35153.349                                       34705.276                        448.07284
              3       17565.039       3.0551184       1.0843176      0.67091453     0.043474891      0.19854435      0.10824528      0.90483245       35152.548      -11.235294       -11.235294       35152.548                                       34696.652                        455.89521
              2       17564.901       3.0551184       1.0843176      0.67091453     0.043474891      0.19854435      0.10824528      0.90516643       35152.273      -11.235294       -11.235294       35152.273                                       34698.675                        453.59796
              1       17566.285       3.0551184       1.0843176      0.67091453     0.043474891      0.19854435      0.10824528      0.90400656       35155.041      -11.235294       -11.235294       35155.041                                       34693.422                        461.61874
              4       17455.584       3.0237961        1.074591      0.66961147     0.043142963      0.20062776     0.088766988      0.90530478       34933.638      -11.235294       -11.235294       34933.638                                        34522.81                        410.82836
              1       17455.536       3.0237961        1.074591      0.66961147     0.043142963      0.20062776     0.088766988      0.90550464       34933.542      -11.235294       -11.235294       34933.542                                       34523.999                        409.54278
              6       17329.334       3.0736188       1.0951356      0.67834516     0.043398886      0.19802385      0.11609279      0.90717963       34681.139      -11.235294       -11.235294       34681.139                                       34201.042                        480.09704
              3       17329.452       3.0736188       1.0951356      0.67834516     0.043398886      0.19802385      0.11609279      0.90802725       34681.374      -11.235294       -11.235294       34681.374                                       34207.197                        474.17755
              1       17329.255       3.0736188       1.0951356      0.67834516     0.043398886      0.19802385      0.11609279      0.90733385       34680.981      -11.235294       -11.235294       34680.981                                       34201.966                        479.01524
              1       17320.055       3.0759444       1.0953855      0.67910576     0.043410293       0.1979133      0.11768841      0.90705078        34662.58      -11.235294       -11.235294        34662.58                                       34182.236                         480.3446
              2       17320.168       3.0759444       1.0953855      0.67910576     0.043410293       0.1979133      0.11768841      0.90677415       34662.807      -11.235294       -11.235294       34662.807                                       34180.518                          482.289
              3       17320.184       3.0759444       1.0953855      0.67910576     0.043410293       0.1979133      0.11768841      0.90675201       34662.838      -11.235294       -11.235294       34662.838                                       34180.393                        482.44488
              1       17292.112       3.0429212       1.0954559       0.6814268     0.043286234      0.19864463      0.10103684      0.90639716       34606.696      -11.235294       -11.235294       34606.696                                       34196.728                        409.96738
              3       17292.304       3.0429212       1.0954559       0.6814268     0.043286234      0.19864463      0.10103684      0.90703049       34607.079      -11.235294       -11.235294       34607.079                                       34201.124                        405.95529
              1       17292.091       3.0429212       1.0954559       0.6814268     0.043286234      0.19864463      0.10103684      0.90658289       34606.652      -11.235294       -11.235294       34606.652                                       34197.865                        408.78715
              3       17292.206       3.0429212       1.0954559       0.6814268     0.043286234      0.19864463      0.10103684      0.90620102       34606.883      -11.235294       -11.235294       34606.883                                       34195.666                        411.21704
              1       17292.355       3.0429212       1.0954559       0.6814268     0.043286234      0.19864463      0.10103684      0.90602222       34607.181      -11.235294       -11.235294       34607.181                                       34194.822                        412.35913
              1       17276.671       3.0431724       1.0954537      0.68106563     0.043236895      0.19890855     0.099800277      0.90711636       34575.813      -11.235294       -11.235294       34575.813                                        34159.26                        416.55293
              2       17276.603       3.0431724       1.0954537      0.68106563     0.043236895      0.19890855     0.099800277      0.90719181       34575.676      -11.235294       -11.235294       34575.676                                       34159.607                        416.06924
              2       17276.441       3.0431724       1.0954537      0.68106563     0.043236895      0.19890855     0.099800277      0.90748047       34575.352      -11.235294       -11.235294       34575.352                                       34161.129                        414.22322
              1       17276.753       3.0431724       1.0954537      0.68106563     0.043236895      0.19890855     0.099800277      0.90823177       34575.976      -11.235294       -11.235294       34575.976                                       34166.523                        409.45256
              1       17276.912       3.0431724       1.0954537      0.68106563     0.043236895      0.19890855     0.099800277      0.90836092       34576.295      -11.235294       -11.235294       34576.295                                       34167.658                        408.63744
              1       17276.661       3.0431724       1.0954537      0.68106563     0.043236895      0.19890855     0.099800277      0.90814308       34575.792      -11.235294       -11.235294       34575.792                                       34165.779                         410.0132
              2       17253.254       3.0138443       1.0926418      0.68356953     0.043024333      0.20014606     0.082938277      0.90736539       34528.978      -11.235294       -11.235294       34528.978                                       34166.768                         362.2101
              2       17012.253       3.0464978       1.0951758      0.68521732     0.043037912       0.1981491      0.10082597      0.90826181       34046.976      -11.235294       -11.235294       34046.976                                       33647.761                        399.21477
              1       17013.248       3.0464978       1.0951758      0.68521732     0.043037912       0.1981491      0.10082597      0.90645177       34048.967      -11.235294       -11.235294       34048.967                                       33638.391                        410.57618
              1       17012.644       3.0464978       1.0951758      0.68521732     0.043037912       0.1981491      0.10082597      0.90675817       34047.759      -11.235294       -11.235294       34047.759                                       33639.126                        408.63299
              1       17012.311       3.0464978       1.0951758      0.68521732     0.043037912       0.1981491      0.10082597      0.90698626       34047.092      -11.235294       -11.235294       34047.092                                         33639.9                        407.19173
              3        17011.95       3.0464978       1.0951758      0.68521732     0.043037912       0.1981491      0.10082597      0.90741402        34046.37      -11.235294       -11.235294        34046.37                                       33641.869                        404.50094
              1       16938.293       3.0606262       1.0968434      0.68009039      0.04306224      0.19713367       0.1081303      0.90733271       33899.057      -11.235294       -11.235294       33899.057                                       33450.391                        448.66607
              1       16937.786       3.0606262       1.0968434      0.68009039      0.04306224      0.19713367       0.1081303      0.90753516       33898.043      -11.235294       -11.235294       33898.043                                       33450.746                        447.29612
              1       16936.557       3.0606262       1.0968434      0.68009039      0.04306224      0.19713367       0.1081303      0.90831555       33895.584      -11.235294       -11.235294       33895.584                                       33453.535                        442.04945
              1       16933.255       3.0542292       1.0974731      0.67964709     0.043056364      0.19703697        0.105879      0.90778955        33888.98      -11.235294       -11.235294        33888.98                                       33460.896                        428.08366
              1       16933.541       3.0542292       1.0974731      0.67964709     0.043056364      0.19703697        0.105879      0.90877261       33889.552      -11.235294       -11.235294       33889.552                                       33467.888                        421.66415
              1       16933.801       3.0542292       1.0974731      0.67964709     0.043056364      0.19703697        0.105879      0.90729285       33890.073      -11.235294       -11.235294       33890.073                                       33458.714                        431.35959
              1       16537.301       3.0608801       1.0976656      0.69152024     0.042826789      0.19544603      0.11591732      0.90349018       33097.073      -11.235294       -11.235294       33097.073                                       32718.699                        378.37446
              2        16535.59       3.0608801       1.0976656      0.69152024     0.042826789      0.19544603      0.11591732      0.90308833        33093.65      -11.235294       -11.235294        33093.65                                        32712.85                        380.79975
              1       16533.883       3.0608801       1.0976656      0.69152024     0.042826789      0.19544603      0.11591732      0.90258856       33090.237      -11.235294       -11.235294       33090.237                                       32706.401                        383.83534
              3       16532.095       3.0608801       1.0976656      0.69152024     0.042826789      0.19544603      0.11591732      0.90176252       33086.661      -11.235294       -11.235294       33086.661                                        32697.76                        388.90006
              2       16533.202       3.0608801       1.0976656      0.69152024     0.042826789      0.19544603      0.11591732      0.90233704       33088.875      -11.235294       -11.235294       33088.875                                       32703.503                        385.37122
              3       16531.675       3.0608801       1.0976656      0.69152024     0.042826789      0.19544603      0.11591732      0.90074438       33085.821      -11.235294       -11.235294       33085.821                                       32690.596                        395.22429
              1       16505.386       3.0305404       1.0981224      0.69260078     0.042745478       0.1954346      0.10144585      0.90032459       33033.243      -11.235294       -11.235294       33033.243                                       32699.921                        333.32249
              3       16505.479       3.0305404       1.0981224      0.69260078     0.042745478       0.1954346      0.10144585      0.90065666       33033.429      -11.235294       -11.235294       33033.429                                        32701.97                        331.45959
              2       16490.134       3.0339049       1.0990372      0.69236316     0.042745853      0.19532281      0.10324194       0.9007525       33002.738      -11.235294       -11.235294       33002.738                                       32664.827                        337.91089
              7       16490.251       3.0339049       1.0990372      0.69236316     0.042745853      0.19532281      0.10324194      0.90092341       33002.973      -11.235294       -11.235294       33002.973                                       32666.029                        336.94351
              5       16490.062       3.0339049       1.0990372      0.69236316     0.042745853      0.19532281      0.10324194       0.9004731       33002.594      -11.235294       -11.235294       33002.594                                       32663.097                        339.49782
              2       16490.062       3.0339049       1.0990372      0.69236316     0.042745853      0.19532281      0.10324194      0.90048792       33002.595      -11.235294       -11.235294       33002.595                                       32663.181                        339.41348
              1        16490.09       3.0339049       1.0990372      0.69236316     0.042745853      0.19532281      0.10324194      0.90030652       33002.651      -11.235294       -11.235294       33002.651                                       32662.204                        340.44714
              4        16490.08       3.0339049       1.0990372      0.69236316     0.042745853      0.19532281      0.10324194      0.90061441        33002.63      -11.235294       -11.235294        33002.63                                       32663.935                        338.69435
              1       16437.381        3.043258       1.0997569      0.69043527       0.0427603      0.19483765      0.10504775      0.90550534       32897.232      -11.235294       -11.235294       32897.232                                       32549.734                        347.49836
              1       16437.133        3.043258       1.0997569      0.69043527       0.0427603      0.19483765      0.10504775       0.9054356       32896.736      -11.235294       -11.235294       32896.736                                       32548.837                        347.89896
              1       16438.061        3.043258       1.0997569      0.69043527       0.0427603      0.19483765      0.10504775      0.90568473       32898.592      -11.235294       -11.235294       32898.592                                       32552.122                        346.46975
              2       16435.589        3.043258       1.0997569      0.69043527       0.0427603      0.19483765      0.10504775      0.90492311       32893.648      -11.235294       -11.235294       32893.648                                       32542.793                        350.85575
              1       16435.015        3.043258       1.0997569      0.69043527       0.0427603      0.19483765      0.10504775      0.90249936         32892.5      -11.235294       -11.235294         32892.5                                       32527.354                        365.14567
              1       16433.943        3.043258       1.0997569      0.69043527       0.0427603      0.19483765      0.10504775       0.9033493       32890.356      -11.235294       -11.235294       32890.356                                       32530.279                         360.0767
              1       16353.687       3.0328382       1.0974807      0.68597945     0.042676579      0.19463745     0.099332865       0.9040265       32729.845      -11.235294       -11.235294       32729.845                                        32380.33                        349.51439
              1        16354.06       3.0328382       1.0974807      0.68597945     0.042676579      0.19463745     0.099332865      0.90344404        32730.59      -11.235294       -11.235294        32730.59                                       32377.645                        352.94535
              1        16356.13       3.0328382       1.0974807      0.68597945     0.042676579      0.19463745     0.099332865      0.90567817        32734.73      -11.235294       -11.235294        32734.73                                       32394.785                        339.94511
              1       16354.405       3.0328382       1.0974807      0.68597945     0.042676579      0.19463745     0.099332865      0.90494187        32731.28      -11.235294       -11.235294        32731.28                                       32387.098                        344.18197
              2       16346.683       3.0284162       1.0967421      0.68606869     0.042660014      0.19466166     0.096026908      0.90588446       32715.837      -11.235294       -11.235294       32715.837                                       32380.641                        335.19531
              1       16267.742       3.0402566       1.0980979      0.68684742     0.042668514      0.19393621      0.10324049       0.9055781       32557.955      -11.235294       -11.235294       32557.955                                       32210.679                         347.2757
              3       16265.999       3.0402566       1.0980979      0.68684742     0.042668514      0.19393621      0.10324049      0.90382056       32554.468      -11.235294       -11.235294       32554.468                                        32196.83                         357.6377
              1       16266.161       3.0402566       1.0980979      0.68684742     0.042668514      0.19393621      0.10324049       0.9047212       32554.794      -11.235294       -11.235294       32554.794                                       32202.499                        352.29429
              1       16076.967       3.0243032       1.0947833      0.68934023     0.042367255      0.19433256     0.089345605      0.91008147       32176.405      -11.235294       -11.235294       32176.405                                        31864.07                        312.33517
              1       16015.918       3.0105888       1.0919541      0.69183229     0.042279617      0.19422707     0.085533374      0.90646002       32054.307      -11.235294       -11.235294       32054.307                                       31772.081                          282.226
              1       16014.018       3.0105888       1.0919541      0.69183229     0.042279617      0.19422707     0.085533374      0.90586012       32050.507      -11.235294       -11.235294       32050.507                                       31765.252                        285.25495
              1       15950.052       3.0184396       1.0927744      0.68928955      0.04218627      0.19445874      0.09056399      0.90494756       31922.575      -11.235294       -11.235294       31922.575                                       31615.633                        306.94224
              2        15854.08       3.0386508       1.0971578      0.69098307     0.042261398      0.19317816      0.10248812      0.90448583       31730.631      -11.235294       -11.235294       31730.631                                       31400.474                        330.15678
              2       15803.416       3.0207379       1.0976941      0.69368157      0.04210927      0.19339711     0.092192271      0.90541732       31629.302      -11.235294       -11.235294       31629.302                                       31335.373                        293.92904
              3       15802.361       3.0207379       1.0976941      0.69368157      0.04210927      0.19339711     0.092192271      0.90491462       31627.192      -11.235294       -11.235294       31627.192                                       31330.663                        296.52894
              3       15802.232       3.0207379       1.0976941      0.69368157      0.04210927      0.19339711     0.092192271      0.90329192       31626.934      -11.235294       -11.235294       31626.934                                       31321.868                        305.06624
              1       15801.778       3.0207379       1.0976941      0.69368157      0.04210927      0.19339711     0.092192271      0.90371821       31626.027      -11.235294       -11.235294       31626.027                                       31323.225                         302.8019
              2       15801.745       3.0207379       1.0976941      0.69368157      0.04210927      0.19339711     0.092192271      0.90434736        31625.96      -11.235294       -11.235294        31625.96                                       31326.472                        299.48816
              2       15760.738       3.0320721       1.0900213      0.68406094     0.042213416      0.19274983     0.089106534      0.91205726       31543.946      -11.235294       -11.235294       31543.946                                       31206.619                        337.32741
              1       15760.972       3.0320721       1.0900213      0.68406094     0.042213416      0.19274983     0.089106534      0.91139181       31544.415      -11.235294       -11.235294       31544.415                                       31203.235                        341.18014
              1       15552.502       3.0603621       1.0849535      0.67909345     0.042178453      0.19082207      0.11632844      0.90124967       31127.475      -11.235294       -11.235294       31127.475                                       30746.188                        381.28758
              1       15552.238       3.0603621       1.0849535      0.67909345     0.042178453      0.19082207      0.11632844      0.90011145       31126.946      -11.235294       -11.235294       31126.946                                       30738.351                        388.59489
              2       15419.181       3.0308437       1.0834638      0.68129429     0.042034696      0.19076073      0.10054339       0.9013109       30860.832      -11.235294       -11.235294       30860.832                                       30537.796                        323.03572
              3       15395.627       3.0083689       1.0788861      0.68020044     0.041677503       0.1934659     0.088083361      0.90012833       30813.725      -11.235294       -11.235294       30813.725                                       30507.185                        306.53989
              1        15319.74       3.0426585       1.0835695      0.69046559     0.041849331      0.19161385      0.10316432      0.90393118       30661.951      -11.235294       -11.235294       30661.951                                       30341.678                        320.27302
              1       15318.398       3.0426585       1.0835695      0.69046559     0.041849331      0.19161385      0.10316432      0.90057132       30659.266      -11.235294       -11.235294       30659.266                                       30319.803                        339.46251
              3       15316.433       3.0426585       1.0835695      0.69046559     0.041849331      0.19161385      0.10316432       0.9016951       30655.336      -11.235294       -11.235294       30655.336                                         30322.4                        332.93561
              1       15316.338       3.0426585       1.0835695      0.69046559     0.041849331      0.19161385      0.10316432      0.90189827       30655.147      -11.235294       -11.235294       30655.147                                        30323.38                        331.76736
              1       15316.396       3.0426585       1.0835695      0.69046559     0.041849331      0.19161385      0.10316432      0.90232104       30655.263      -11.235294       -11.235294       30655.263                                       30325.915                        329.34769
              1       15215.363       3.0522961       1.0814471      0.68589773     0.041649703       0.1923207     0.098100216      0.91092807       30453.197      -11.235294       -11.235294       30453.197                                       30089.284                        363.91366
              1       15203.355       3.0543565       1.0805186      0.68337057     0.041628894      0.19242795     0.099563794      0.91040266        30429.18      -11.235294       -11.235294        30429.18                                       30052.447                        376.73349
              2       15182.502       3.0637427       1.0811687      0.68380386     0.041651286      0.19212956      0.10464894      0.91036921       30387.475      -11.235294       -11.235294       30387.475                                       29996.266                        391.20898
              1       15184.388       3.0637427       1.0811687      0.68380386     0.041651286      0.19212956      0.10464894      0.91142303       30391.246      -11.235294       -11.235294       30391.246                                       30006.614                        384.63192
              1       15165.658        3.062453        1.081233       0.6835801     0.041678269      0.19173048      0.10413768      0.91164822       30353.786      -11.235294       -11.235294       30353.786                                        29974.88                        378.90605
              1       15166.486        3.062453        1.081233       0.6835801     0.041678269      0.19173048      0.10413768      0.91190937       30355.443      -11.235294       -11.235294       30355.443                                       29978.143                        377.30033
              2       15163.454        3.062453        1.081233       0.6835801     0.041678269      0.19173048      0.10413768      0.91040098        30349.38      -11.235294       -11.235294        30349.38                                       29962.724                        386.65573
              1       15162.395        3.031993       1.0825366      0.68681372      0.04162427       0.1918082     0.093589984      0.90626979        30347.26      -11.235294       -11.235294        30347.26                                       30026.693                        320.56657
              1       15162.145        3.031993       1.0825366      0.68681372      0.04162427       0.1918082     0.093589984      0.90594859        30346.76      -11.235294       -11.235294        30346.76                                       30024.393                        322.36744
              1       15162.101        3.031993       1.0825366      0.68681372      0.04162427       0.1918082     0.093589984      0.90582518       30346.673      -11.235294       -11.235294       30346.673                                       30023.611                         323.0617
              1       14900.642        3.051943       1.0840554      0.68143782     0.041573128      0.18976749      0.10706886      0.90506612       29823.755      -11.235294       -11.235294       29823.755                                        29469.37                        354.38464
              3       14901.045        3.051943       1.0840554      0.68143782     0.041573128      0.18976749      0.10706886      0.90529021        29824.56      -11.235294       -11.235294        29824.56                                       29471.532                        353.02824
              2       14865.053       2.9997858        1.078313      0.68154823     0.041443882       0.1901435     0.075076951      0.90807242       29752.578      -11.235294       -11.235294       29752.578                                       29479.157                        273.42091
              2       14775.977       2.9766098       1.0821833      0.69065044     0.041647871      0.18747156     0.073705888      0.90181227       29574.424      -11.235294       -11.235294       29574.424                                       29373.907                        200.51775
              1       14774.997       2.9766098       1.0821833      0.69065044     0.041647871      0.18747156     0.073705888      0.90142885       29572.465      -11.235294       -11.235294       29572.465                                       29370.289                        202.17651
              2       14774.358       2.9766098       1.0821833      0.69065044     0.041647871      0.18747156     0.073705888      0.90108495       29571.187      -11.235294       -11.235294       29571.187                                       29367.512                        203.67478
              2       14774.115       2.9766098       1.0821833      0.69065044     0.041647871      0.18747156     0.073705888      0.90090526         29570.7      -11.235294       -11.235294         29570.7                                       29366.238                        204.46158
              2       14774.239       2.9766098       1.0821833      0.69065044     0.041647871      0.18747156     0.073705888      0.90100298       29570.949      -11.235294       -11.235294       29570.949                                       29366.916                        204.03336
              1       14722.103       2.9857357       1.0864079      0.69101858     0.041741128      0.18618125     0.078882092       0.9019164       29466.677      -11.235294       -11.235294       29466.677                                       29258.239                        208.43831
              2       14702.264       3.0215696       1.0938226      0.69112144     0.042009749      0.18346785      0.10048326      0.90137316       29426.998      -11.235294       -11.235294       29426.998                                       29186.965                        240.03215
              4       14702.293       3.0215696       1.0938226      0.69112144     0.042009749      0.18346785      0.10048326      0.90140339       29427.056      -11.235294       -11.235294       29427.056                                       29187.175                        239.88126
              1       14702.439       3.0215696       1.0938226      0.69112144     0.042009749      0.18346785      0.10048326      0.90153318       29427.348      -11.235294       -11.235294       29427.348                                       29188.114                         239.2344
              1       14689.197       3.0349524        1.094145      0.69256757     0.042011116      0.18367966      0.10448047      0.90380686       29400.865      -11.235294       -11.235294       29400.865                                       29144.105                        256.75929
              2       14688.811       3.0349524        1.094145      0.69256757     0.042011116      0.18367966      0.10448047      0.90346598       29400.092      -11.235294       -11.235294       29400.092                                       29141.568                        258.52349
              3       14688.678       3.0349524        1.094145      0.69256757     0.042011116      0.18367966      0.10448047      0.90324232       29399.827      -11.235294       -11.235294       29399.827                                        29140.14                        259.68654
              2       14688.946       3.0349524        1.094145      0.69256757     0.042011116      0.18367966      0.10448047      0.90360925       29400.362      -11.235294       -11.235294       29400.362                                       29142.582                        257.78079
              3       14688.778       3.0349524        1.094145      0.69256757     0.042011116      0.18367966      0.10448047      0.90266893       29400.027      -11.235294       -11.235294       29400.027                                       29137.339                         262.6881
              1       14575.015       3.0361212       1.0921093      0.69732744     0.041923359      0.18383361      0.10512196      0.90251877         29172.5      -11.235294       -11.235294         29172.5                                       28921.545                        250.95541
              6       14575.102       3.0361212       1.0921093      0.69732744     0.041923359      0.18383361      0.10512196      0.90105668       29172.674      -11.235294       -11.235294       29172.674                                       28914.228                        258.44602
              1       14568.768       3.0172924       1.0884002      0.69796722     0.041788311      0.18482165     0.093657534       0.9019008       29160.007      -11.235294       -11.235294       29160.007                                       28925.532                        234.47522
              2       14569.693       3.0172924       1.0884002      0.69796722     0.041788311      0.18482165     0.093657534      0.90335814       29161.856      -11.235294       -11.235294       29161.856                                       28934.336                        227.51932
              1       14516.201       3.0272115       1.0901451      0.70405596     0.041665092      0.18519531     0.098822185      0.90286332       29054.873      -11.235294       -11.235294       29054.873                                       28825.783                        229.08981
              1       14514.611       3.0272115       1.0901451      0.70405596     0.041665092      0.18519531     0.098822185       0.9020422       29051.693      -11.235294       -11.235294       29051.693                                       28818.772                        232.92059
              3       14514.448       3.0272115       1.0901451      0.70405596     0.041665092      0.18519531     0.098822185      0.90187747       29051.366      -11.235294       -11.235294       29051.366                                        28817.67                        233.69593
              1       14506.261       3.0286472       1.0903245      0.70393499     0.041666865       0.1851308     0.099700658      0.90099017       29034.993      -11.235294       -11.235294       29034.993                                       28795.472                        239.52143
              1       14500.832       3.0166056       1.0885753      0.70298601     0.041575967      0.18560928     0.093276341      0.90093061       29024.134      -11.235294       -11.235294       29024.134                                       28797.175                        226.95937
              1       14491.719       3.0083297       1.0874171       0.7009372      0.04151444      0.18594708     0.088503865      0.90120602       29005.908      -11.235294       -11.235294       29005.908                                       28783.482                        222.42554
              1       14492.103       3.0083178       1.0874091      0.70094047     0.041514037      0.18595272     0.088494583      0.90120353       29006.677      -11.235294       -11.235294       29006.677                                       28784.277                        222.40011
              1       14492.275       3.0083178       1.0874091      0.70094047     0.041514037      0.18595272     0.088494583       0.9021396        29007.02      -11.235294       -11.235294        29007.02                                       28788.867                        218.15331
              1       14491.991       3.0083178       1.0874091      0.70094047     0.041514037      0.18595272     0.088494583       0.9014253       29006.452      -11.235294       -11.235294       29006.452                                       28785.065                        221.38735
              1       14492.009       3.0083178       1.0874091      0.70094047     0.041514037      0.18595272     0.088494583      0.90137197       29006.489      -11.235294       -11.235294       29006.489                                       28784.858                        221.63053
              1       14492.078       3.0083178       1.0874091      0.70094047     0.041514037      0.18595272     0.088494583      0.90123979       29006.627      -11.235294       -11.235294       29006.627                                       28784.393                        222.23427
              1       14492.157       3.0083178       1.0874091      0.70094047     0.041514037      0.18595272     0.088494583      0.90113544       29006.785      -11.235294       -11.235294       29006.785                                       28784.073                        222.71189
              1       14492.104       3.0083178       1.0874091      0.70094047     0.041514037      0.18595272     0.088494583      0.90195061       29006.678      -11.235294       -11.235294       29006.678                                       28787.674                        219.00483
              1       14407.624        3.010521       1.0766998      0.69469062     0.041405096      0.18632899     0.084861802      0.90523846       28837.718      -11.235294       -11.235294       28837.718                                       28606.167                        231.55099
              1       14406.851        3.010521       1.0766998      0.69469062     0.041405096      0.18632899     0.084861802      0.90468955       28836.173      -11.235294       -11.235294       28836.173                                        28602.02                        234.15335
              4        14311.97       3.0530052       1.0806161      0.69373022     0.041460957      0.18534435      0.10712559      0.90504543       28646.411      -11.235294       -11.235294       28646.411                                       28351.619                        294.79162
              4        14311.79       3.0530052       1.0806161      0.69373022     0.041460957      0.18534435      0.10712559      0.90439746       28646.051      -11.235294       -11.235294       28646.051                                       28347.667                        298.38477
              1        14302.18       3.0309162       1.0790764      0.69201257     0.041300962      0.18629428      0.09500247      0.90464492        28626.83      -11.235294       -11.235294        28626.83                                        28353.04                        273.78938
              1       14258.252       3.0436762       1.0812013      0.69992169     0.041229289      0.18621703      0.10179495        0.904745       28538.975      -11.235294       -11.235294       28538.975                                       28270.075                        268.89993
              1       14257.934       3.0436762       1.0812013      0.69992169     0.041229289      0.18621703      0.10179495      0.90448161       28538.338      -11.235294       -11.235294       28538.338                                       28268.093                        270.24463
              2       14257.838       3.0436762       1.0812013      0.69992169     0.041229289      0.18621703      0.10179495      0.90359667       28538.147      -11.235294       -11.235294       28538.147                                       28263.341                        274.80554
              2       14258.198       3.0436762       1.0812013      0.69992169     0.041229289      0.18621703      0.10179495      0.90470698       28538.867      -11.235294       -11.235294       28538.867                                       28269.773                        269.09368
              1       14257.946       3.0436762       1.0812013      0.69992169     0.041229289      0.18621703      0.10179495        0.903472       28538.363      -11.235294       -11.235294       28538.363                                       28262.909                        275.45341
              2       14257.903       3.0436762       1.0812013      0.69992169     0.041229289      0.18621703      0.10179495      0.90444856       28538.277      -11.235294       -11.235294       28538.277                                       28267.863                        270.41377
              1       14231.503       3.0427779         1.07933      0.69887808     0.041183425      0.18635715      0.10325546      0.90252928       28485.476      -11.235294       -11.235294       28485.476                                       28214.238                        271.23869
              3       14231.793       3.0427779         1.07933      0.69887808     0.041183425      0.18635715      0.10325546      0.90273975       28486.058      -11.235294       -11.235294       28486.058                                       28215.899                        270.15824
              2       14231.669       3.0427779         1.07933      0.69887808     0.041183425      0.18635715      0.10325546      0.90265726       28485.809      -11.235294       -11.235294       28485.809                                       28215.228                        270.58126
              3       13253.818        3.063614       1.0676657      0.67841941     0.040200333      0.18475663      0.10918257      0.91005747       26530.107      -11.235294       -11.235294       26530.107                                       26204.868                        325.23862
              2       13245.691        3.064257        1.067751      0.67841911     0.040206281      0.18470856      0.10960447      0.90883411       26513.852      -11.235294       -11.235294       26513.852                                        26180.93                        332.92171
              1        13235.96        3.064257        1.067751      0.67841911     0.040206281      0.18470856      0.10960447      0.90579591        26494.39      -11.235294       -11.235294        26494.39                                       26143.087                        351.30299
              1        13236.58        3.064257        1.067751      0.67841911     0.040206281      0.18470856      0.10960447      0.90481737       26495.631      -11.235294       -11.235294       26495.631                                       26138.234                        357.39701
              2       13236.891        3.064257        1.067751      0.67841911     0.040206281      0.18470856      0.10960447      0.90464022       26496.253      -11.235294       -11.235294       26496.253                                       26137.743                        358.50934
              1       13164.106       3.0751709       1.0722273      0.67914144     0.040190447      0.18408713      0.11631054      0.90516371       26350.682      -11.235294       -11.235294       26350.682                                       25981.576                         369.1065
              1       13060.887       3.0155052        1.066115       0.6747547     0.039827892      0.18563293     0.082102969      0.90786815       26144.244      -11.235294       -11.235294       26144.244                                       25859.341                        284.90369
              1       13060.874       3.0155052        1.066115       0.6747547     0.039827892      0.18563293     0.082102969      0.90766225       26144.219      -11.235294       -11.235294       26144.219                                       25858.192                        286.02633
              1        13061.15       3.0155052        1.066115       0.6747547     0.039827892      0.18563293     0.082102969      0.90719243       26144.771      -11.235294       -11.235294       26144.771                                        25856.17                        288.60171
              2       13061.302       3.0155052        1.066115       0.6747547     0.039827892      0.18563293     0.082102969      0.90840484       26145.074      -11.235294       -11.235294       26145.074                                        25863.08                        281.99478
              1       13060.923       3.0155052        1.066115       0.6747547     0.039827892      0.18563293     0.082102969      0.90796953       26144.317      -11.235294       -11.235294       26144.317                                       25859.964                        284.35228
              4        13061.05       3.0155052        1.066115       0.6747547     0.039827892      0.18563293     0.082102969      0.90816716       26144.571      -11.235294       -11.235294       26144.571                                       25861.291                        283.27993
              1       13061.545       3.0155052        1.066115       0.6747547     0.039827892      0.18563293     0.082102969      0.90857311       26145.561      -11.235294       -11.235294       26145.561                                       25864.473                        281.08785
              3       12906.375       3.0473144       1.0793049      0.67544271     0.039981926        0.182275       0.1054434      0.90608407       25835.221      -11.235294       -11.235294       25835.221                                       25526.437                        308.78397
              1       12905.776       3.0473144       1.0793049      0.67544271     0.039981926        0.182275       0.1054434      0.90513262       25834.022      -11.235294       -11.235294       25834.022                                       25519.685                        314.33753
              1       12906.701       3.0473144       1.0793049      0.67544271     0.039981926        0.182275       0.1054434      0.90627256       25835.872      -11.235294       -11.235294       25835.872                                       25528.178                        307.69332
              2       12906.324       3.0473144       1.0793049      0.67544271     0.039981926        0.182275       0.1054434      0.90604988       25835.118      -11.235294       -11.235294       25835.118                                       25526.136                        308.98213
              2       12906.158       3.0473144       1.0793049      0.67544271     0.039981926        0.182275       0.1054434      0.90463566       25834.787      -11.235294       -11.235294       25834.787                                       25517.517                        317.27046
              1       12906.265       3.0473144       1.0793049      0.67544271     0.039981926        0.182275       0.1054434      0.90455567           25835      -11.235294       -11.235294           25835                                       25517.255                        317.74457
              2       12807.831       3.0097095       1.0781083       0.6849781     0.039939425      0.18197229     0.087358213      0.90416463       25638.133      -11.235294       -11.235294       25638.133                                       25407.176                         230.9576
              1       12444.871       2.9834427       1.0856446      0.67444526     0.039462299      0.18086223     0.078497035      0.90318978       24912.213      -11.235294       -11.235294       24912.213                                       24699.808                         212.4043
              1       12445.752       2.9834427       1.0856446      0.67444526     0.039462299      0.18086223     0.078497035      0.90111919       24913.974      -11.235294       -11.235294       24913.974                                       24691.729                        222.24483
              4       12118.387       2.9877475       1.0858666      0.68181023     0.039207591      0.17996354     0.081009141      0.90026561       24259.244      -11.235294       -11.235294       24259.244                                       24049.535                        209.70891
              2       12117.112       2.9877475       1.0858666      0.68181023     0.039207591      0.17996354     0.081009141       0.9011306       24256.695      -11.235294       -11.235294       24256.695                                       24050.959                        205.73626
              1       12046.048       2.9862676       1.0873836      0.69261104     0.039181923      0.17914434     0.081186242      0.90009045       24114.566      -11.235294       -11.235294       24114.566                                       23935.719                        178.84747
              1       12046.465       2.9862676       1.0873836      0.69261104     0.039181923      0.17914434     0.081186242      0.90085967       24115.401      -11.235294       -11.235294       24115.401                                        23939.67                          175.731
              1        12046.08       2.9862676       1.0873836      0.69261104     0.039181923      0.17914434     0.081186242      0.90040978       24114.631      -11.235294       -11.235294       24114.631                                       23937.083                        177.54766
              1       10203.504       2.9541402       1.0956309      0.68935496     0.037839858      0.16883986     0.063648106      0.90217602       20429.478      -11.235294       -11.235294       20429.478                                        20294.89                        134.58792
              1       10173.993       2.9541402       1.0956309      0.68935496     0.037839858      0.16883986     0.063648106       0.9053758       20370.456      -11.235294       -11.235294       20370.456                                       20247.439                        123.01782
              1       9783.5268        2.960108         1.09414      0.69508184     0.037528483      0.16723573     0.064064516      0.90659457       19589.524      -11.235294       -11.235294       19589.524                                       19471.798                        117.72617
              1       9772.0874        2.960108         1.09414      0.69508184     0.037528483      0.16723573     0.064064516       0.9084723       19566.645      -11.235294       -11.235294       19566.645                                       19455.109                        111.53623
              1       9771.1893        2.960108         1.09414      0.69508184     0.037528483      0.16723573     0.064064516      0.90869741       19564.849      -11.235294       -11.235294       19564.849                                       19454.035                        110.81427
              1       9624.1865       2.9611536       1.0901919      0.69075947     0.037293052      0.16761347     0.064583348      0.90837531       19270.844      -11.235294       -11.235294       19270.844                                       19153.898                        116.94547
              2       9623.4505       2.9611536       1.0901919      0.69075947     0.037293052      0.16761347     0.064583348      0.90862124       19269.372      -11.235294       -11.235294       19269.372                                       19153.241                        116.13047
              1       7542.6344       2.9864841       1.0885921      0.67835515     0.034738993      0.16187149     0.080429468       0.9066812       15107.739      -11.235294       -11.235294       15107.739                                       14967.905                        139.83434
              1       7043.5047       3.0004528       1.0706158       0.6626968     0.033979881      0.16282835     0.080187934      0.91044404        14109.48      -11.235294       -11.235294        14109.48                                       13926.594                        182.88575
              1       7019.9444       3.0004528       1.0706158       0.6626968     0.033979881      0.16282835     0.080187934      0.91371264       14062.359      -11.235294       -11.235294       14062.359                                        13894.01                        168.34929
              2       7016.7132       3.0004528       1.0706158       0.6626968     0.033979881      0.16282835     0.080187934      0.91488053       14055.897      -11.235294       -11.235294       14055.897                                       13892.514                        163.38325
              1       6627.0682       2.9361272       1.0935834      0.70211536     0.033809917      0.15498046     0.038707667      0.92451346       13276.607      -11.235294       -11.235294       13276.607                                       13218.211                        58.395883
              2       6549.1915       2.9427868       1.0960069      0.70656393     0.034127376      0.15261495     0.042765352      0.92497079       13120.854      -11.235294       -11.235294       13120.854                                       13066.467                        54.386165
              1        6515.452       2.9427868       1.0960069      0.70656393     0.034127376      0.15261495     0.042765352       0.9293994       13053.375      -11.235294       -11.235294       13053.375                                       13006.739                        46.635834
              1       5903.6734       2.9401326       1.0864517      0.69689076     0.033400784      0.15129882     0.035163071      0.93978232       11829.817      -11.235294       -11.235294       11829.817                                       11788.538                        41.279178
              1       5898.7765       2.9401326       1.0864517      0.69689076     0.033400784      0.15129882     0.035163071      0.93710202       11820.024      -11.235294       -11.235294       11820.024                                       11774.684                        45.339689
              1       5898.7293       2.9401326       1.0864517      0.69689076     0.033400784      0.15129882     0.035163071       0.9377414       11819.929      -11.235294       -11.235294       11819.929                                       11775.607                        44.322003
              3       5898.6922       2.9401326       1.0864517      0.69689076     0.033400784      0.15129882     0.035163071      0.93726352       11819.855      -11.235294       -11.235294       11819.855                                       11774.775                        45.079702
              7       5898.6744       2.9401326       1.0864517      0.69689076     0.033400784      0.15129882     0.035163071      0.93760249       11819.819      -11.235294       -11.235294       11819.819                                       11775.279                         44.54046
              9        5899.225       2.9401326       1.0864517      0.69689076     0.033400784      0.15129882     0.035163071      0.93824099       11820.921      -11.235294       -11.235294       11820.921                                       11777.372                          43.5483
              1       5776.9489       2.9274141       1.0844945       0.6968764     0.032967526      0.15205998     0.025886128      0.93918943       11576.368      -11.235294       -11.235294       11576.368                                       11534.315                         42.05352
              4       5776.9841       2.9274141       1.0844945       0.6968764     0.032967526      0.15205998     0.025886128      0.93912281       11576.439      -11.235294       -11.235294       11576.439                                       11534.295                        42.144122
              3       5686.6537       2.9136067       1.0643624      0.69951836       0.0329268      0.15290936     0.013024141       0.9421037       11395.778      -11.235294       -11.235294       11395.778                                        11361.22                        34.557662
              1       5686.0073       2.9136067       1.0643624      0.69951836       0.0329268      0.15290936     0.013024141      0.93938245       11394.485      -11.235294       -11.235294       11394.485                                       11356.981                           37.504
              1       5392.9463       2.9189632       1.0563426      0.70160509     0.031902553      0.15300599     0.016467286      0.93684776       10808.363      -11.235294       -11.235294       10808.363                                       10770.315                        38.048619
              1       5393.0832       2.9189632       1.0563426      0.70160509     0.031902553      0.15300599     0.016467286      0.94125066       10808.637      -11.235294       -11.235294       10808.637                                       10773.955                         34.68185
              2       5392.8308       2.9189632       1.0563426      0.70160509     0.031902553      0.15300599     0.016467286      0.94118864       10808.132      -11.235294       -11.235294       10808.132                                       10773.412                        34.720082
              6        5263.671       2.9298482       1.0615658      0.70203091     0.031810897      0.15193291     0.021361987      0.94153886       10549.813      -11.235294       -11.235294       10549.813                                       10512.877                        36.935642
              1       5265.4251       2.9298482       1.0615658      0.70203091     0.031810897      0.15193291     0.021361987      0.94266711       10553.321      -11.235294       -11.235294       10553.321                                       10517.295                        36.025933
              1       5269.2284       2.9298482       1.0615658      0.70203091     0.031810897      0.15193291     0.021361987      0.94373132       10560.927      -11.235294       -11.235294       10560.927                                        10525.68                        35.247484
              3       5155.6613       2.9339052       1.0616924      0.70215469     0.031820138      0.15115435     0.023693648      0.94374751       10333.793      -11.235294       -11.235294       10333.793                                       10299.023                        34.769882
              1       5151.4521       2.9339052       1.0616924      0.70215469     0.031820138      0.15115435     0.023693648      0.94209582       10325.375      -11.235294       -11.235294       10325.375                                       10289.229                        36.145876
              1       5152.7909       2.9339052       1.0616924      0.70215469     0.031820138      0.15115435     0.023693648      0.94023121       10328.052      -11.235294       -11.235294       10328.052                                       10290.126                        37.926664
              1       5153.7394       2.9339052       1.0616924      0.70215469     0.031820138      0.15115435     0.023693648      0.93989138       10329.949      -11.235294       -11.235294       10329.949                                       10291.672                         38.27751
              2       4837.7085       2.9517485       1.0667569      0.67763989     0.031290242      0.15274075     0.031761508      0.94076014       9697.8876      -11.235294       -11.235294       9697.8876                                       9627.8683                         70.01934
              1       4832.7956       2.9517485       1.0667569      0.67763989     0.031290242      0.15274075     0.031761508      0.94158676       9688.0618      -11.235294       -11.235294       9688.0618                                       9619.9147                        68.147158
              2       4827.3632       2.9517485       1.0667569      0.67763989     0.031290242      0.15274075     0.031761508      0.94301791       9677.1971      -11.235294       -11.235294       9677.1971                                       9612.1682                        65.028904
              2       4827.7902       2.9517485       1.0667569      0.67763989     0.031290242      0.15274075     0.031761508       0.9428536       9678.0511      -11.235294       -11.235294       9678.0511                                        9612.672                        65.379016
              4       4514.0259       2.9500758       1.0646482      0.67969412     0.031078591      0.15036874      0.03220841      0.94209617       9050.5225      -11.235294       -11.235294       9050.5225                                        8992.069                        58.453419
              1       4509.8199       2.9500758       1.0646482      0.67969412     0.031078591      0.15036874      0.03220841      0.94322918       9042.1103      -11.235294       -11.235294       9042.1103                                       8985.9127                        56.197574
              2       4507.9937       2.9500758       1.0646482      0.67969412     0.031078591      0.15036874      0.03220841      0.94445181       9038.4579      -11.235294       -11.235294       9038.4579                                       8984.5864                        53.871551
              2       4508.8815       2.9500758       1.0646482      0.67969412     0.031078591      0.15036874      0.03220841       0.9436465       9040.2337      -11.235294       -11.235294       9040.2337                                       8984.8426                        55.391054
              2       4434.2479       2.9375171       1.0552538      0.65995255     0.030565954      0.15399934     0.029829194      0.94022698       8890.9665      -11.235294       -11.235294       8890.9665                                       8822.5129                        68.453576
              5       4431.8942       2.9375171       1.0552538      0.65995255     0.030565954      0.15399934     0.029829194      0.93912383       8886.2589      -11.235294       -11.235294       8886.2589                                       8815.2896                        70.969319
              4        4432.297       2.9375171       1.0552538      0.65995255     0.030565954      0.15399934     0.029829194      0.93765746       8887.0646      -11.235294       -11.235294       8887.0646                                       8812.6073                        74.457345
              2       4423.0284       2.9331392       1.0634821      0.65552173     0.030456522      0.15293165     0.026754746      0.93879076       8868.5274      -11.235294       -11.235294       8868.5274                                       8789.0182                        79.509245
              2       4421.0833       2.9331392       1.0634821      0.65552173     0.030456522      0.15293165     0.026754746      0.93909447       8864.6371      -11.235294       -11.235294       8864.6371                                       8785.9214                        78.715739
              1        4275.066       2.9180813       1.0614266      0.66101158     0.030292768      0.15223644     0.018907192       0.9388227       8572.6026      -11.235294       -11.235294       8572.6026                                       8508.6101                        63.992497
              3       4075.2603       2.9239646        1.056992      0.65980144       0.0301235      0.15126876      0.02394962      0.93738025       8172.9911      -11.235294       -11.235294       8172.9911                                       8108.8792                        64.111936
              1       4066.1779       2.9239646        1.056992      0.65980144       0.0301235      0.15126876      0.02394962      0.93957785       8154.8265      -11.235294       -11.235294       8154.8265                                       8095.4689                        59.357606
              2        4065.987       2.9239646        1.056992      0.65980144       0.0301235      0.15126876      0.02394962      0.94163473       8154.4447      -11.235294       -11.235294       8154.4447                                       8099.2015                        55.243161
              3       4065.0953       2.9239646        1.056992      0.65980144       0.0301235      0.15126876      0.02394962       0.9405563       8152.6611      -11.235294       -11.235294       8152.6611                                       8095.3008                        57.360333
              3       4065.4522       2.9239646        1.056992      0.65980144       0.0301235      0.15126876      0.02394962      0.94127877       8153.3751      -11.235294       -11.235294       8153.3751                                       8097.4428                        55.932269
              9       4065.2152       2.9239646        1.056992      0.65980144       0.0301235      0.15126876      0.02394962      0.94102462       8152.9009      -11.235294       -11.235294       8152.9009                                       8096.4708                        56.430119
              1       4065.1202       2.9239646        1.056992      0.65980144       0.0301235      0.15126876      0.02394962      0.94046402        8152.711      -11.235294       -11.235294        8152.711                                       8095.1654                        57.545574
              3       4065.0891       2.9239646        1.056992      0.65980144       0.0301235      0.15126876      0.02394962      0.94070909       8152.6489      -11.235294       -11.235294       8152.6489                                       8095.5938                        57.055018
              2       3960.3336       2.8986744       1.0116455      0.67552137     0.030789381      0.15007901     0.011238068      0.94011398       7943.1377      -11.235294       -11.235294       7943.1377                                       7918.3103                        24.827455
              1       3921.5015       2.8986744       1.0116455      0.67552137     0.030789381      0.15007901     0.011238068      0.93663322       7865.4735      -11.235294       -11.235294       7865.4735                                       7837.3354                        28.138058
              4       3904.4538       2.8986744       1.0116455      0.67552137     0.030789381      0.15007901     0.011238068      0.93270602       7831.3783      -11.235294       -11.235294       7831.3783                                       7798.4701                        32.908173
              1       3904.3698       2.8986744       1.0116455      0.67552137     0.030789381      0.15007901     0.011238068      0.93221419       7831.2103      -11.235294       -11.235294       7831.2103                                       7797.6255                        33.584794
              1       3907.5618       2.8986744       1.0116455      0.67552137     0.030789381      0.15007901     0.011238068      0.93054335       7837.5943      -11.235294       -11.235294       7837.5943                                       7801.5766                        36.017677
              2       3904.7809       2.8986744       1.0116455      0.67552137     0.030789381      0.15007901     0.011238068      0.93304528       7832.0324      -11.235294       -11.235294       7832.0324                                       7799.5806                        32.451834
              2       3843.2972        2.898284         1.01207      0.66807118     0.030369866      0.15192894     0.010540196      0.93265641       7709.0649      -11.235294       -11.235294       7709.0649                                       7669.3419                        39.723032
              7       3843.2002        2.898284         1.01207      0.66807118     0.030369866      0.15192894     0.010540196      0.93252998        7708.871      -11.235294       -11.235294        7708.871                                       7668.9515                        39.919535
              2       3820.4686       2.9108211       1.0126121      0.66810511      0.03052156      0.15090772      0.01925266      0.93145912       7663.4077      -11.235294       -11.235294       7663.4077                                       7621.1317                         42.27597
              9       3820.1132       2.9108211       1.0126121      0.66810511      0.03052156      0.15090772      0.01925266      0.93086668       7662.6969      -11.235294       -11.235294       7662.6969                                       7619.3907                        43.306242
              2       3820.1302       2.9108211       1.0126121      0.66810511      0.03052156      0.15090772      0.01925266      0.93071571        7662.731      -11.235294       -11.235294        7662.731                                        7619.158                        43.573001
              1       3722.1524       2.9142732       1.0206387      0.66445458     0.030248828      0.15052046     0.020798289      0.93089587       7466.7754      -11.235294       -11.235294       7466.7754                                       7416.1175                        50.657891
              1       3718.3811       2.9142732       1.0206387      0.66445458     0.030248828      0.15052046     0.020798289      0.93205784       7459.2328      -11.235294       -11.235294       7459.2328                                       7410.8591                        48.373672
              3       3718.5807       2.9142732       1.0206387      0.66445458     0.030248828      0.15052046     0.020798289      0.93435705       7459.6321      -11.235294       -11.235294       7459.6321                                       7415.4752                         44.15685
              1       3717.3584       2.9142732       1.0206387      0.66445458     0.030248828      0.15052046     0.020798289      0.93354637       7457.1873      -11.235294       -11.235294       7457.1873                                       7411.5893                        45.598077
              2       3717.2162       2.9142732       1.0206387      0.66445458     0.030248828      0.15052046     0.020798289       0.9331381        7456.903      -11.235294       -11.235294        7456.903                                       7410.5603                        46.342636
              7       3717.3772       2.9142732       1.0206387      0.66445458     0.030248828      0.15052046     0.020798289      0.93274927       7457.2249      -11.235294       -11.235294       7457.2249                                       7410.1615                        47.063482
              3       3717.2249       2.9142732       1.0206387      0.66445458     0.030248828      0.15052046     0.020798289       0.9330622       7456.9203      -11.235294       -11.235294       7456.9203                                       7410.4379                        46.482458
             11       3717.2503       2.9142732       1.0206387      0.66445458     0.030248828      0.15052046     0.020798289      0.93296989       7456.9712      -11.235294       -11.235294       7456.9712                                       7410.3181                        46.653065
              6       3717.2233       2.9142732       1.0206387      0.66445458     0.030248828      0.15052046     0.020798289      0.93324853       7456.9171      -11.235294       -11.235294       7456.9171                                       7410.7771                        46.140006
              3       3717.3484       2.9142732       1.0206387      0.66445458     0.030248828      0.15052046     0.020798289      0.93278759       7457.1674      -11.235294       -11.235294       7457.1674                                       7410.1755                        46.991917
              1       3717.2158       2.9142732       1.0206387      0.66445458     0.030248828      0.15052046     0.020798289      0.93315452       7456.9021      -11.235294       -11.235294       7456.9021                                       7410.5897                        46.312454
              3        3717.281       2.9142732       1.0206387      0.66445458     0.030248828      0.15052046     0.020798289      0.93289866       7457.0327      -11.235294       -11.235294       7457.0327                                       7410.2475                        46.785179
              2        3717.554       2.9142732       1.0206387      0.66445458     0.030248828      0.15052046     0.020798289      0.93256563       7457.5787      -11.235294       -11.235294       7457.5787                                       7410.1708                        47.407904
              3       3717.2951       2.9142732       1.0206387      0.66445458     0.030248828      0.15052046     0.020798289      0.93287192       7457.0608      -11.235294       -11.235294       7457.0608                                       7410.2259                        46.834865
              1       3717.2416       2.9142732       1.0206387      0.66445458     0.030248828      0.15052046     0.020798289      0.93299537       7456.9539      -11.235294       -11.235294       7456.9539                                       7410.3479                        46.605916
              6       3717.9797       2.9142732       1.0206387      0.66445458     0.030248828      0.15052046     0.020798289      0.93405506         7458.43      -11.235294       -11.235294         7458.43                                        7413.742                        44.687955
              5       3718.1076       2.9142732       1.0206387      0.66445458     0.030248828      0.15052046     0.020798289      0.93412723       7458.6858      -11.235294       -11.235294       7458.6858                                       7414.1254                         44.56041
              2        3717.248       2.9142732       1.0206387      0.66445458     0.030248828      0.15052046     0.020798289      0.93334377       7456.9667      -11.235294       -11.235294       7456.9667                                       7411.0007                        45.965988
              4       3717.5053       2.9142732       1.0206387      0.66445458     0.030248828      0.15052046     0.020798289      0.93371072       7457.4812      -11.235294       -11.235294       7457.4812                                       7412.1793                        45.301902
              1       3718.9763       2.9142732       1.0206387      0.66445458     0.030248828      0.15052046     0.020798289      0.93180588       7460.4231      -11.235294       -11.235294       7460.4231                                        7411.563                        48.860164
              3       3717.4605       2.9142732       1.0206387      0.66445458     0.030248828      0.15052046     0.020798289       0.9326544       7457.3915      -11.235294       -11.235294       7457.3915                                       7410.1504                        47.241089
              5       3719.6759       2.9142732       1.0206387      0.66445458     0.030248828      0.15052046     0.020798289      0.93476814       7461.8224      -11.235294       -11.235294       7461.8224                                       7418.3776                        43.444817
              2        3719.858       2.9142732       1.0206387      0.66445458     0.030248828      0.15052046     0.020798289      0.93150194       7462.1865      -11.235294       -11.235294       7462.1865                                        7412.733                        49.453529
              4       3709.5042        2.914201       1.0208135       0.6643941      0.03024131      0.15044053     0.020989555      0.93282882       7441.4789      -11.235294       -11.235294       7441.4789                                       7394.9233                        46.555616
             14       3709.9434        2.914201       1.0208135       0.6643941      0.03024131      0.15044053     0.020989555      0.93377736       7442.3574      -11.235294       -11.235294       7442.3574                                       7397.5239                        44.833515
              2       3709.7364        2.914201       1.0208135       0.6643941      0.03024131      0.15044053     0.020989555      0.93360533       7441.9434      -11.235294       -11.235294       7441.9434                                       7396.8026                        45.140799
              2       3709.6232        2.914201       1.0208135       0.6643941      0.03024131      0.15044053     0.020989555      0.93263857        7441.717      -11.235294       -11.235294        7441.717                                       7394.8078                        46.909211
              4       3709.5228        2.914201       1.0208135       0.6643941      0.03024131      0.15044053     0.020989555       0.9333308       7441.5161      -11.235294       -11.235294       7441.5161                                       7395.8803                        45.635789
              2       3709.4645        2.914201       1.0208135       0.6643941      0.03024131      0.15044053     0.020989555      0.93317056       7441.3995      -11.235294       -11.235294       7441.3995                                       7395.4722                        45.927347
              1       3709.4605        2.914201       1.0208135       0.6643941      0.03024131      0.15044053     0.020989555      0.93297089       7441.3916      -11.235294       -11.235294       7441.3916                                       7395.0983                        46.293347
              3       3713.2689        2.914201       1.0208135       0.6643941      0.03024131      0.15044053     0.020989555      0.93506433       7449.0084      -11.235294       -11.235294       7449.0084                                       7406.4034                        42.605032
              1       3713.0457        2.914201       1.0208135       0.6643941      0.03024131      0.15044053     0.020989555      0.93500465        7448.562      -11.235294       -11.235294        7448.562                                       7405.8564                        42.705636
              4       3712.5585        2.914201       1.0208135       0.6643941      0.03024131      0.15044053     0.020989555      0.93486762       7447.5876      -11.235294       -11.235294       7447.5876                                       7404.6499                        42.937641
              2       3709.4993        2.914201       1.0208135       0.6643941      0.03024131      0.15044053     0.020989555      0.93283997       7441.4693      -11.235294       -11.235294       7441.4693                                       7394.9343                        46.534983
              1       3706.5643       2.9166913       1.0206826      0.66411139     0.030262101      0.15028979     0.022290038      0.93289289       7435.5993      -11.235294       -11.235294       7435.5993                                       7388.0996                        47.499617
              3       3706.5765       2.9166913       1.0206826      0.66411139     0.030262101      0.15028979     0.022290038      0.93286953       7435.6236      -11.235294       -11.235294       7435.6236                                       7388.0797                        47.543908
              2       3706.6149       2.9166913       1.0206826      0.66411139     0.030262101      0.15028979     0.022290038       0.9328061       7435.7004      -11.235294       -11.235294       7435.7004                                        7388.036                        47.664371
              2       3683.5846       2.9164211         1.02063      0.66351548     0.030233561      0.15013723      0.02213231       0.9328469       7389.6398      -11.235294       -11.235294       7389.6398                                       7341.7041                        47.935669
              2       3683.8637       2.9164211         1.02063      0.66351548     0.030233561      0.15013723      0.02213231      0.93262514        7390.198      -11.235294       -11.235294        7390.198                                       7341.8347                        48.363302
              1       3683.4112       2.9164211         1.02063      0.66351548     0.030233561      0.15013723      0.02213231      0.93305111        7389.293      -11.235294       -11.235294        7389.293                                       7341.7477                        47.545224
              4       3684.5817       2.9164211         1.02063      0.66351548     0.030233561      0.15013723      0.02213231      0.93455255        7391.634      -11.235294       -11.235294        7391.634                                       7346.8625                        44.771503
              2       3683.3405       2.9164211         1.02063      0.66351548     0.030233561      0.15013723      0.02213231      0.93359874       7389.1516      -11.235294       -11.235294       7389.1516                                       7342.6378                        46.513793
              5       3683.3303       2.9164211         1.02063      0.66351548     0.030233561      0.15013723      0.02213231      0.93321364       7389.1313      -11.235294       -11.235294       7389.1313                                       7341.8945                        47.236728
              2       3683.3475       2.9164211         1.02063      0.66351548     0.030233561      0.15013723      0.02213231      0.93316909       7389.1655      -11.235294       -11.235294       7389.1655                                       7341.8444                        47.321088
              2       3688.0707       2.9164211         1.02063      0.66351548     0.030233561      0.15013723      0.02213231      0.93116609       7398.6119      -11.235294       -11.235294       7398.6119                                       7347.3411                        51.270859
              1       3667.4302       2.9156714       1.0206293      0.66302033     0.030190978      0.15013294     0.021497663      0.93185716       7357.3309      -11.235294       -11.235294       7357.3309                                       7306.8971                        50.433808
              2       3664.5771       2.9156714       1.0206293      0.66302033     0.030190978      0.15013294     0.021497663      0.93441776       7351.6248      -11.235294       -11.235294       7351.6248                                       7306.1035                        45.521287
              4       3664.1099       2.9156714       1.0206293      0.66302033     0.030190978      0.15013294     0.021497663      0.93375777       7350.6905      -11.235294       -11.235294       7350.6905                                       7303.9507                        46.739752
              1        3664.117       2.9156714       1.0206293      0.66302033     0.030190978      0.15013294     0.021497663      0.93362102       7350.7046      -11.235294       -11.235294       7350.7046                                       7303.7083                        46.996331
              1       3604.3172       2.9124811       1.0196875      0.66245378     0.030046577      0.15030756     0.019847937      0.93338073       7231.1049      -11.235294       -11.235294       7231.1049                                       7184.6153                        46.489635
              2       3604.2813       2.9124811       1.0196875      0.66245378     0.030046577      0.15030756     0.019847937      0.93365307       7231.0333      -11.235294       -11.235294       7231.0333                                       7185.0442                        45.989077
              6       3604.2804       2.9124811       1.0196875      0.66245378     0.030046577      0.15030756     0.019847937      0.93364548       7231.0314      -11.235294       -11.235294       7231.0314                                       7185.0285                        46.002956
              9       3604.5058       2.9124811       1.0196875      0.66245378     0.030046577      0.15030756     0.019847937      0.93309683       7231.4821      -11.235294       -11.235294       7231.4821                                       7184.4647                        47.017405
              1       3587.2871       2.9127034       1.0194596      0.66296274     0.030046948      0.15007014     0.019985328      0.93310595       7197.0449      -11.235294       -11.235294       7197.0449                                       7150.6581                        46.386803
              6       3587.2414       2.9127034       1.0194596      0.66296274     0.030046948      0.15007014     0.019985328      0.93314813       7196.9533      -11.235294       -11.235294       7196.9533                                       7150.6448                        46.308559
              5       3587.4886       2.9127034       1.0194596      0.66296274     0.030046948      0.15007014     0.019985328      0.93294826       7197.4478      -11.235294       -11.235294       7197.4478                                       7150.7672                        46.680575
              6       3586.9756       2.9127034       1.0194596      0.66296274     0.030046948      0.15007014     0.019985328      0.93383397       7196.4218      -11.235294       -11.235294       7196.4218                                       7151.3668                        45.055025
              1       3587.1952       2.9127034       1.0194596      0.66296274     0.030046948      0.15007014     0.019985328      0.93319426        7196.861      -11.235294       -11.235294        7196.861                                       7150.6379                        46.223119
              1       3587.7745       2.9127034       1.0194596      0.66296274     0.030046948      0.15007014     0.019985328      0.93276972       7198.0196      -11.235294       -11.235294       7198.0196                                       7151.0041                        47.015462
              6        3586.959       2.9127034       1.0194596      0.66296274     0.030046948      0.15007014     0.019985328      0.93374166       7196.3885      -11.235294       -11.235294       7196.3885                                       7151.1669                        45.221661
              9       3587.3063       2.9127034       1.0194596      0.66296274     0.030046948      0.15007014     0.019985328      0.93308918       7197.0832      -11.235294       -11.235294       7197.0832                                       7150.6652                        46.417967
              3        3586.988       2.9127034       1.0194596      0.66296274     0.030046948      0.15007014     0.019985328      0.93387436       7196.4466      -11.235294       -11.235294       7196.4466                                       7151.4643                        44.982299
              3       3587.0801       2.9127034       1.0194596      0.66296274     0.030046948      0.15007014     0.019985328      0.93405284       7196.6307      -11.235294       -11.235294       7196.6307                                       7151.9682                        44.662468
              2       3587.1947       2.9127034       1.0194596      0.66296274     0.030046948      0.15007014     0.019985328      0.93319478         7196.86      -11.235294       -11.235294         7196.86                                       7150.6379                        46.222154
              2       3586.9604       2.9127034       1.0194596      0.66296274     0.030046948      0.15007014     0.019985328      0.93375567       7196.3915      -11.235294       -11.235294       7196.3915                                       7151.1951                        45.196336
              1       3586.9701       2.9127034       1.0194596      0.66296274     0.030046948      0.15007014     0.019985328      0.93357513       7196.4108      -11.235294       -11.235294       7196.4108                                       7150.8869                        45.523929
              1       3587.3377       2.9127034       1.0194596      0.66296274     0.030046948      0.15007014     0.019985328      0.93432544        7197.146      -11.235294       -11.235294        7197.146                                       7152.9675                        44.178577
              1       3587.7502       2.9127034       1.0194596      0.66296274     0.030046948      0.15007014     0.019985328      0.93278353        7197.971      -11.235294       -11.235294        7197.971                                       7150.9815                        46.989473
              4       3587.6508       2.9127034       1.0194596      0.66296274     0.030046948      0.15007014     0.019985328      0.93284236       7197.7721      -11.235294       -11.235294       7197.7721                                       7150.8932                        46.878918
              1       3586.9694       2.9127034       1.0194596      0.66296274     0.030046948      0.15007014     0.019985328      0.93380866       7196.4095      -11.235294       -11.235294       7196.4095                                       7151.3088                        45.100647
              1        3589.381       2.9127034       1.0194596      0.66296274     0.030046948      0.15007014     0.019985328      0.93210473       7201.2326      -11.235294       -11.235294       7201.2326                                       7152.9485                        48.284181
              2       3587.7344       2.9127034       1.0194596      0.66296274     0.030046948      0.15007014     0.019985328      0.93459681       7197.9394      -11.235294       -11.235294       7197.9394                                        7154.237                         43.70243
             14       3587.1038       2.9127034       1.0194596      0.66296274     0.030046948      0.15007014     0.019985328      0.93330135       7196.6782      -11.235294       -11.235294       7196.6782                                       7150.6528                        46.025422
              1       3586.9704       2.9127034       1.0194596      0.66296274     0.030046948      0.15007014     0.019985328      0.93357395       7196.4113      -11.235294       -11.235294       7196.4113                                       7150.8853                        45.526083
              6       3587.3426       2.9127034       1.0194596      0.66296274     0.030046948      0.15007014     0.019985328      0.93305858       7197.1559      -11.235294       -11.235294       7197.1559                                        7150.681                        46.474864
              2       3587.0128       2.9127034       1.0194596      0.66296274     0.030046948      0.15007014     0.019985328      0.93345136       7196.4961      -11.235294       -11.235294       7196.4961                                       7150.7462                        45.749941
              3       3587.0256       2.9127034       1.0194596      0.66296274     0.030046948      0.15007014     0.019985328      0.93342501       7196.5219      -11.235294       -11.235294       7196.5219                                       7150.7237                        45.798201
              3       3589.2748       2.9127034       1.0194596      0.66296274     0.030046948      0.15007014     0.019985328      0.93213983       7201.0202      -11.235294       -11.235294       7201.0202                                       7152.8038                        48.216359
              4       3590.2029       2.9116404       1.0210849      0.66282033     0.030018681      0.15006358     0.019335653      0.93221901       7202.8764      -11.235294       -11.235294       7202.8764                                       7154.3666                        48.509746
              5       3587.0396       2.9116404       1.0210849      0.66282033     0.030018681      0.15006358     0.019335653      0.93458735       7196.5498      -11.235294       -11.235294       7196.5498                                       7152.4083                         44.14146
              2       3588.5171       2.9116404       1.0210849      0.66282033     0.030018681      0.15006358     0.019335653      0.93276429       7199.5047      -11.235294       -11.235294       7199.5047                                       7152.0385                        47.466196
              9       3587.2085       2.9116404       1.0210849      0.66282033     0.030018681      0.15006358     0.019335653       0.9334537       7196.8876      -11.235294       -11.235294       7196.8876                                       7150.7083                        46.179301
              1         3586.82       2.9116404       1.0210849      0.66282033     0.030018681      0.15006358     0.019335653      0.93400239       7196.1106      -11.235294       -11.235294       7196.1106                                       7150.9298                        45.180872
             12       3587.4442       2.9116404       1.0210849      0.66282033     0.030018681      0.15006358     0.019335653      0.93328491        7197.359      -11.235294       -11.235294        7197.359                                        7150.868                        46.491022
              3       3586.8949       2.9116404       1.0210849      0.66282033     0.030018681      0.15006358     0.019335653      0.93439409       7196.2604      -11.235294       -11.235294       7196.2604                                       7151.7784                         44.48201
              6       3587.6249       2.9116404       1.0210849      0.66282033     0.030018681      0.15006358     0.019335653       0.9331763       7197.7203      -11.235294       -11.235294       7197.7203                                       7151.0276                        46.692768
              5       3587.4473       2.9116404       1.0210849      0.66282033     0.030018681      0.15006358     0.019335653      0.93491522       7197.3652      -11.235294       -11.235294       7197.3652                                       7153.7951                         43.57013
              1       3588.7261       2.9116404       1.0210849      0.66282033     0.030018681      0.15006358     0.019335653      0.93268512       7199.9227      -11.235294       -11.235294       7199.9227                                       7152.3064                        47.616307
              4       3587.4757       2.9116404       1.0210849      0.66282033     0.030018681      0.15006358     0.019335653       0.9349333        7197.422      -11.235294       -11.235294        7197.422                                       7153.8832                        43.538871
              1       3586.9812       2.9116404       1.0210849      0.66282033     0.030018681      0.15006358     0.019335653      0.93452009       7196.4329      -11.235294       -11.235294       7196.4329                                       7152.1733                        44.259671
              2       3588.8485       2.9116404       1.0210849      0.66282033     0.030018681      0.15006358     0.019335653      0.93264076       7200.1675      -11.235294       -11.235294       7200.1675                                       7152.4669                        47.700613
              7       3587.5103       2.9116404       1.0210849      0.66282033     0.030018681      0.15006358     0.019335653      0.93495481       7197.4913      -11.235294       -11.235294       7197.4913                                       7153.9896                        43.501689
              1       3586.9091       2.9116404       1.0210849      0.66282033     0.030018681      0.15006358     0.019335653      0.93441818       7196.2887      -11.235294       -11.235294       7196.2887                                       7151.8493                        44.439417
              2       3586.8351       2.9116404       1.0210849      0.66282033     0.030018681      0.15006358     0.019335653      0.93425594       7196.1408      -11.235294       -11.235294       7196.1408                                       7151.4136                        44.727172
              2       3586.8202       2.9116404       1.0210849      0.66282033     0.030018681      0.15006358     0.019335653      0.93400151        7196.111      -11.235294       -11.235294        7196.111                                       7150.9285                        45.182445
              6       3586.9344       2.9116404       1.0210849      0.66282033     0.030018681      0.15006358     0.019335653      0.93445727       7196.3394      -11.235294       -11.235294       7196.3394                                        7151.969                        44.370376
              1       3587.4176       2.9116404       1.0210849      0.66282033     0.030018681      0.15006358     0.019335653      0.93330215       7197.3058      -11.235294       -11.235294       7197.3058                                       7150.8467                         46.45908
              4       3588.1992       2.9116404       1.0210849      0.66282033     0.030018681      0.15006358     0.019335653      0.93289471        7198.869      -11.235294       -11.235294        7198.869                                        7151.649                        47.219968
              2       3586.8171       2.9116404       1.0210849      0.66282033     0.030018681      0.15006358     0.019335653       0.9341758       7196.1047      -11.235294       -11.235294       7196.1047                                       7151.2347                        44.870054
              1       3587.2052       2.9116404       1.0210849      0.66282033     0.030018681      0.15006358     0.019335653      0.93474099       7196.8811      -11.235294       -11.235294       7196.8811                                       7153.0083                         43.87274
              2       3586.9294       2.9116404       1.0210849      0.66282033     0.030018681      0.15006358     0.019335653      0.93444984       7196.3293      -11.235294       -11.235294       7196.3293                                       7151.9458                        44.383489
              1       3585.9163       2.9153953       1.0208331      0.66465524     0.030012291      0.15009216     0.021069878      0.93441503       7194.3032      -11.235294       -11.235294       7194.3032                                       7149.8048                        44.498372
              1       3587.1209       2.9153953       1.0208331      0.66465524     0.030012291      0.15009216     0.021069878      0.93517506       7196.7124      -11.235294       -11.235294       7196.7124                                       7153.5249                        43.187499
              6       3586.2696       2.9153953       1.0208331      0.66465524     0.030012291      0.15009216     0.021069878      0.93320429       7195.0099      -11.235294       -11.235294       7195.0099                                       7148.3338                        46.676094
              2       3586.1172       2.9153953       1.0208331      0.66465524     0.030012291      0.15009216     0.021069878      0.93331783       7194.7049      -11.235294       -11.235294       7194.7049                                       7148.2377                        46.467181
              1       3586.9516       2.9153953       1.0208331      0.66465524     0.030012291      0.15009216     0.021069878       0.9328284       7196.3738      -11.235294       -11.235294       7196.3738                                        7148.999                        47.374743
              1       3586.4409       2.9153953       1.0208331      0.66465524     0.030012291      0.15009216     0.021069878      0.93309436       7195.3524      -11.235294       -11.235294       7195.3524                                       7148.4731                        46.879302
              3       3586.5133       2.9153953       1.0208331      0.66465524     0.030012291      0.15009216     0.021069878       0.9330519       7195.4971      -11.235294       -11.235294       7195.4971                                       7148.5391                        46.958032
              1       3586.1549       2.9153953       1.0208331      0.66465524     0.030012291      0.15009216     0.021069878      0.93328794       7194.7804      -11.235294       -11.235294       7194.7804                                       7148.2583                        46.522079
              2       3587.1799       2.9153953       1.0208331      0.66465524     0.030012291      0.15009216     0.021069878      0.93520038       7196.8303      -11.235294       -11.235294       7196.8303                                       7153.6857                        43.144567
              1       3586.1461       2.9153953       1.0208331      0.66465524     0.030012291      0.15009216     0.021069878      0.93329479       7194.7628      -11.235294       -11.235294       7194.7628                                       7148.2533                        46.509498
             13       3585.7221       2.9153953       1.0208331      0.66465524     0.030012291      0.15009216     0.021069878      0.93400438       7193.9148      -11.235294       -11.235294       7193.9148                                       7148.6901                        45.224628
              2       3585.9915       2.9153953       1.0208331      0.66465524     0.030012291      0.15009216     0.021069878      0.93449499       7194.4535      -11.235294       -11.235294       7194.4535                                       7150.0951                        44.358426
              6       3585.9489       2.9153953       1.0208331      0.66465524     0.030012291      0.15009216     0.021069878      0.93445132       7194.3684      -11.235294       -11.235294       7194.3684                                       7149.9336                        44.434788
             10       3585.8445       2.9153953       1.0208331      0.66465524     0.030012291      0.15009216     0.021069878      0.93360144       7194.1595      -11.235294       -11.235294       7194.1595                                         7148.21                        45.949564
              6       3585.9919       2.9153953       1.0208331      0.66465524     0.030012291      0.15009216     0.021069878      0.93342902       7194.4543      -11.235294       -11.235294       7194.4543                                       7148.1908                        46.263527
              6        3586.064       2.9153953       1.0208331      0.66465524     0.030012291      0.15009216     0.021069878      0.93456218       7194.5986      -11.235294       -11.235294       7194.5986                                       7150.3574                        44.241194
              2        3585.962       2.9153953       1.0208331      0.66465524     0.030012291      0.15009216     0.021069878       0.9334591       7194.3947      -11.235294       -11.235294       7194.3947                                       7148.1861                        46.208593
              1       3585.7329       2.9153953       1.0208331      0.66465524     0.030012291      0.15009216     0.021069878       0.9338469       7193.9365      -11.235294       -11.235294       7193.9365                                         7148.43                        45.506491
              5       3587.1305       2.9153953       1.0208331      0.66465524     0.030012291      0.15009216     0.021069878      0.93274902       7196.7315      -11.235294       -11.235294       7196.7315                                       7149.2079                         47.52365
              2       3586.8606       2.9153953       1.0208331      0.66465524     0.030012291      0.15009216     0.021069878      0.93505632       7196.1919      -11.235294       -11.235294       7196.1919                                       7152.8024                        43.389453
              5       3585.8442       2.9153953       1.0208331      0.66465524     0.030012291      0.15009216     0.021069878      0.93432204        7194.159      -11.235294       -11.235294        7194.159                                       7149.4973                        44.661713
              1       3585.8479       2.9153953       1.0208331      0.66465524     0.030012291      0.15009216     0.021069878      0.93432747       7194.1665      -11.235294       -11.235294       7194.1665                                       7149.5143                        44.652157
              8       3586.3939       2.9153953       1.0208331      0.66465524     0.030012291      0.15009216     0.021069878       0.9331231       7195.2584      -11.235294       -11.235294       7195.2584                                       7148.4323                        46.826092
              3       3586.0722       2.9153953       1.0208331      0.66465524     0.030012291      0.15009216     0.021069878      0.93335539       7194.6149      -11.235294       -11.235294       7194.6149                                       7148.2167                         46.39828
             11       3586.3669       2.9153953       1.0208331      0.66465524     0.030012291      0.15009216     0.021069878      0.93314002       7195.2045      -11.235294       -11.235294       7195.2045                                       7148.4097                        46.794794
              3        3587.271       2.9153953       1.0208331      0.66465524     0.030012291      0.15009216     0.021069878      0.93523856       7197.0126      -11.235294       -11.235294       7197.0126                                       7153.9327                        43.079932
              1        3587.784       2.9153953       1.0208331      0.66465524     0.030012291      0.15009216     0.021069878      0.93249528       7198.0385      -11.235294       -11.235294       7198.0385                                       7150.0357                        48.002862
              6       3586.9694       2.9153953       1.0208331      0.66465524     0.030012291      0.15009216     0.021069878      0.93282026       7196.4093      -11.235294       -11.235294       7196.4093                                       7149.0193                        47.389989
              1        3587.508       2.9154124       1.0207991      0.66459934     0.030011944      0.15010727     0.021068131      0.93282509       7197.4865      -11.235294       -11.235294       7197.4865                                       7150.0299                        47.456629
              1       3587.7606       2.9154124       1.0207991      0.66459934     0.030011944      0.15010727     0.021068131      0.93271466       7197.9918      -11.235294       -11.235294       7197.9918                                       7150.3275                        47.664206
              1       3586.6827       2.9154124       1.0207991      0.66459934     0.030011944      0.15010727     0.021068131      0.93461706       7195.8359      -11.235294       -11.235294       7195.8359                                       7151.6188                        44.217104
              1       3586.2835       2.9154124       1.0207991      0.66459934     0.030011944      0.15010727     0.021068131      0.93407055       7195.0376      -11.235294       -11.235294       7195.0376                                       7149.8581                        45.179444
              1       3586.9318       2.9154124       1.0207991      0.66459934     0.030011944      0.15010727     0.021068131      0.93313052       7196.3342      -11.235294       -11.235294       7196.3342                                       7149.4469                        46.887318
              1       3586.4285       2.9154124       1.0207991      0.66459934     0.030011944      0.15010727     0.021068131      0.93436569       7195.3275      -11.235294       -11.235294       7195.3275                                       7150.6706                        44.656959
              1        3586.274       2.9154124       1.0207991      0.66459934     0.030011944      0.15010727     0.021068131      0.93391397       7195.0187      -11.235294       -11.235294       7195.0187                                       7149.5594                        45.459306
              1       3586.6931       2.9154124       1.0207991      0.66459934     0.030011944      0.15010727     0.021068131      0.93462536       7195.8568      -11.235294       -11.235294       7195.8568                                       7151.6541                        44.202654
             14       3586.6701       2.9154124       1.0207991      0.66459934     0.030011944      0.15010727     0.021068131      0.93331562       7195.8108      -11.235294       -11.235294       7195.8108                                       7149.2651                        46.545741
              7       3586.3221       2.9154124       1.0207991      0.66459934     0.030011944      0.15010727     0.021068131       0.9341898       7195.1148      -11.235294       -11.235294       7195.1148                                       7150.1472                         44.96755
             14       3586.4541       2.9154124       1.0207991      0.66459934     0.030011944      0.15010727     0.021068131      0.93439766       7195.3788      -11.235294       -11.235294       7195.3788                                       7150.7781                        44.600749
              3       3587.7643       2.9154124       1.0207991      0.66459934     0.030011944      0.15010727     0.021068131      0.93521314       7197.9992      -11.235294       -11.235294       7197.9992                                       7154.8062                        43.192936
              1       3587.2233       2.9154124       1.0207991      0.66459934     0.030011944      0.15010727     0.021068131      0.93496028       7196.9173      -11.235294       -11.235294       7196.9173                                       7153.2931                        43.624156
             11       3586.5233       2.9154124       1.0207991      0.66459934     0.030011944      0.15010727     0.021068131      0.93344805       7195.5172      -11.235294       -11.235294       7195.5172                                       7149.2142                        46.302957
              8       3587.4215       2.9154124       1.0207991      0.66459934     0.030011944      0.15010727     0.021068131      0.93505964       7197.3136      -11.235294       -11.235294       7197.3136                                       7153.8594                        43.454144
              4       3586.4693       2.9154124       1.0207991      0.66459934     0.030011944      0.15010727     0.021068131      0.93350638       7195.4092      -11.235294       -11.235294       7195.4092                                       7149.2128                         46.19644
              1       3586.5808       2.9154124       1.0207991      0.66459934     0.030011944      0.15010727     0.021068131      0.93452976       7195.6321      -11.235294       -11.235294       7195.6321                                       7151.2628                        44.369327
              3       3586.2808       2.9154124       1.0207991      0.66459934     0.030011944      0.15010727     0.021068131      0.93386454       7195.0321      -11.235294       -11.235294       7195.0321                                       7149.4841                        45.548035
              8       3586.3015       2.9154124       1.0207991      0.66459934     0.030011944      0.15010727     0.021068131      0.93413662       7195.0736      -11.235294       -11.235294       7195.0736                                       7150.0117                        45.061914
              2       3586.6912       2.9154124       1.0207991      0.66459934     0.030011944      0.15010727     0.021068131      0.93329881       7195.8529      -11.235294       -11.235294       7195.8529                                       7149.2762                        46.576651
              6       3586.5825       2.9154124       1.0207991      0.66459934     0.030011944      0.15010727     0.021068131      0.93339094       7195.6355      -11.235294       -11.235294       7195.6355                                        7149.228                        46.407494
              2        3586.323       2.9154124       1.0207991      0.66459934     0.030011944      0.15010727     0.021068131      0.93372956       7195.1166      -11.235294       -11.235294       7195.1166                                       7149.3253                        45.791256
              2       3586.8189       2.9154124       1.0207991      0.66459934     0.030011944      0.15010727     0.021068131      0.93320481       7196.1083      -11.235294       -11.235294       7196.1083                                       7149.3584                        46.749919
              2       3587.3542       2.9154124       1.0207991      0.66459934     0.030011944      0.15010727     0.021068131      0.93289795        7197.179      -11.235294       -11.235294        7197.179                                       7149.8588                        47.320178
              7       3586.3127       2.9154124       1.0207991      0.66459934     0.030011944      0.15010727     0.021068131      0.93375421       7195.0959      -11.235294       -11.235294       7195.0959                                       7149.3492                        45.746739
              2        3586.282       2.9154124       1.0207991      0.66459934     0.030011944      0.15010727     0.021068131      0.93406323       7195.0346      -11.235294       -11.235294       7195.0346                                       7149.8421                        45.192482
              1       3586.3245       2.9154124       1.0207991      0.66459934     0.030011944      0.15010727     0.021068131      0.93419516       7195.1195      -11.235294       -11.235294       7195.1195                                       7150.1615                        44.958048
              1       3586.8713       2.9154124       1.0207991      0.66459934     0.030011944      0.15010727     0.021068131      0.93316947       7196.2131      -11.235294       -11.235294       7196.2131                                       7149.3979                        46.815228
              8       3586.3289       2.9154124       1.0207991      0.66459934     0.030011944      0.15010727     0.021068131      0.93420479       7195.1283      -11.235294       -11.235294       7195.1283                                       7150.1873                        44.940983
              3       3587.3906       2.9154124       1.0207991      0.66459934     0.030011944      0.15010727     0.021068131      0.93288026       7197.2517      -11.235294       -11.235294       7197.2517                                       7149.8985                         47.35327
              4       3587.1126       2.9154124       1.0207991      0.66459934     0.030011944      0.15010727     0.021068131      0.93302386       7196.6958      -11.235294       -11.235294       7196.6958                                       7149.6104                        47.085331
              1       3586.9318       2.9154124       1.0207991      0.66459934     0.030011944      0.15010727     0.021068131       0.9331305       7196.3343      -11.235294       -11.235294       7196.3343                                       7149.4469                        46.887347
              6        3586.272       2.9154124       1.0207991      0.66459934     0.030011944      0.15010727     0.021068131      0.93396217       7195.0145      -11.235294       -11.235294       7195.0145                                       7149.6416                        45.372955
              1       3586.3506       2.9154124       1.0207991      0.66459934     0.030011944      0.15010727     0.021068131      0.93367382       7195.1718      -11.235294       -11.235294       7195.1718                                       7149.2797                        45.892094
              6       3587.3226       2.9154124       1.0207991      0.66459934     0.030011944      0.15010727     0.021068131      0.93501124       7197.1159      -11.235294       -11.235294       7197.1159                                        7153.579                        43.536866
              3        3586.889       2.9154124       1.0207991      0.66459934     0.030011944      0.15010727     0.021068131      0.93476543       7196.2486      -11.235294       -11.235294       7196.2486                                       7152.2889                        43.959699
              4       3587.2112       2.9154124       1.0207991      0.66459934     0.030011944      0.15010727     0.021068131      0.93297051        7196.893      -11.235294       -11.235294        7196.893                                       7149.7083                        47.184678
              3        3586.343       2.9154124       1.0207991      0.66459934     0.030011944      0.15010727     0.021068131      0.93423343       7195.1565      -11.235294       -11.235294       7195.1565                                       7150.2662                        44.890295
              2        3587.081       2.9154124       1.0207991      0.66459934     0.030011944      0.15010727     0.021068131      0.93488235       7196.6326      -11.235294       -11.235294       7196.6326                                       7152.8745                        43.758021
              4       3587.0478       2.9154124       1.0207991      0.66459934     0.030011944      0.15010727     0.021068131      0.93306061       7196.5662      -11.235294       -11.235294       7196.5662                                       7149.5492                        47.017009
              1       3587.1641       2.9154124       1.0207991      0.66459934     0.030011944      0.15010727     0.021068131      0.93299564       7196.7987      -11.235294       -11.235294       7196.7987                                       7149.6609                        47.137851
              5       3587.3929       2.9154124       1.0207991      0.66459934     0.030011944      0.15010727     0.021068131      0.93504587       7197.2564      -11.235294       -11.235294       7197.2564                                       7153.7787                        43.477665
              1       3586.2871       2.9154124       1.0207991      0.66459934     0.030011944      0.15010727     0.021068131      0.93383477       7195.0448      -11.235294       -11.235294       7195.0448                                       7149.4432                        45.601548
              1       3586.5935       2.9154124       1.0207991      0.66459934     0.030011944      0.15010727     0.021068131      0.93454135       7195.6575      -11.235294       -11.235294       7195.6575                                       7151.3084                        44.349078
              2       3589.3307       2.9154124       1.0207991      0.66459934     0.030011944      0.15010727     0.021068131      0.93217616        7201.132      -11.235294       -11.235294        7201.132                                       7152.4423                        48.689776
              1       3588.4566       2.9154124       1.0207991      0.66459934     0.030011944      0.15010727     0.021068131      0.93245185       7199.3839      -11.235294       -11.235294       7199.3839                                       7151.2219                        48.161949
              6       3586.3348       2.9154124       1.0207991      0.66459934     0.030011944      0.15010727     0.021068131      0.93370417       7195.1402      -11.235294       -11.235294       7195.1402                                       7149.3031                        45.837156
              2       3587.3492       2.9154124       1.0207991      0.66459934     0.030011944      0.15010727     0.021068131      0.93290037       7197.1691      -11.235294       -11.235294       7197.1691                                       7149.8534                        47.315648
              2       3588.3081       2.9154124       1.0207991      0.66459934     0.030011944      0.15010727     0.021068131      0.93250394       7199.0867      -11.235294       -11.235294       7199.0867                                       7151.0238                        48.062882
              3       3586.4011       2.9154124       1.0207991      0.66459934     0.030011944      0.15010727     0.021068131      0.93359316       7195.2727      -11.235294       -11.235294       7195.2727                                       7149.2343                        46.038444
              1        3588.573       2.9154124       1.0207991      0.66459934     0.030011944      0.15010727     0.021068131       0.9324123       7199.6166      -11.235294       -11.235294       7199.6166                                       7151.3792                         48.23732
              2       3586.7901       2.9154124       1.0207991      0.66459934     0.030011944      0.15010727     0.021068131      0.93469805       7196.0508      -11.235294       -11.235294       7196.0508                                       7151.9744                         44.07639
              2       3587.2584       2.9154124       1.0207991      0.66459934     0.030011944      0.15010727     0.021068131      0.93497857       7196.9874      -11.235294       -11.235294       7196.9874                                       7153.3946                        43.592809
              4       3586.2722       2.9154124       1.0207991      0.66459934     0.030011944      0.15010727     0.021068131      0.93394483        7195.015      -11.235294       -11.235294        7195.015                                        7149.611                        45.404002
              2       3586.5081       2.9154124       1.0207991      0.66459934     0.030011944      0.15010727     0.021068131      0.93445826       7195.4868      -11.235294       -11.235294       7195.4868                                       7150.9924                        44.494422
              3       3586.7425       2.9154124       1.0207991      0.66459934     0.030011944      0.15010727     0.021068131      0.93466328       7195.9555      -11.235294       -11.235294       7195.9555                                       7151.8188                        44.136741
              2        3586.272       2.9154124       1.0207991      0.66459934     0.030011944      0.15010727     0.021068131      0.93395483       7195.0146      -11.235294       -11.235294       7195.0146                                       7149.6285                        45.386089
              1       3587.6167       2.9154124       1.0207991      0.66459934     0.030011944      0.15010727     0.021068131      0.93277627       7197.7041      -11.235294       -11.235294       7197.7041                                       7150.1558                        47.548278
              1       3586.2936       2.9154124       1.0207991      0.66459934     0.030011944      0.15010727     0.021068131      0.93411126       7195.0578      -11.235294       -11.235294       7195.0578                                       7149.9508                        45.106989
              3       3586.2808       2.9154124       1.0207991      0.66459934     0.030011944      0.15010727     0.021068131      0.93386446       7195.0322      -11.235294       -11.235294       7195.0322                                        7149.484                        45.548167
              1        3586.493       2.9154124       1.0207991      0.66459934     0.030011944      0.15010727     0.021068131      0.93444202       7195.4565      -11.235294       -11.235294       7195.4565                                       7150.9336                        44.522893
              1       3586.2856       2.9154124       1.0207991      0.66459934     0.030011944      0.15010727     0.021068131      0.93408026       7195.0418      -11.235294       -11.235294       7195.0418                                       7149.8797                        45.162155
              1       3587.1271       2.9154124       1.0207991      0.66459934     0.030011944      0.15010727     0.021068131      0.93301584       7196.7247      -11.235294       -11.235294       7196.7247                                       7149.6245                        47.100247
              8       3586.3791       2.9154124       1.0207991      0.66459934     0.030011944      0.15010727     0.021068131       0.9336258       7195.2289      -11.235294       -11.235294       7195.2289                                       7149.2497                        45.979175
              2       3586.4986       2.9154124       1.0207991      0.66459934     0.030011944      0.15010727     0.021068131       0.9334739       7195.4677      -11.235294       -11.235294       7195.4677                                        7149.212                        46.255717
              1       3586.4205       2.9154124       1.0207991      0.66459934     0.030011944      0.15010727     0.021068131      0.93435519       7195.3115      -11.235294       -11.235294       7195.3115                                       7150.6361                        44.675432
              1       3586.2743       2.9154124       1.0207991      0.66459934     0.030011944      0.15010727     0.021068131      0.93391066       7195.0193      -11.235294       -11.235294       7195.0193                                        7149.554                        45.465228
              4       3586.9701       2.9154124       1.0207991      0.66459934     0.030011944      0.15010727     0.021068131      0.93481675       7196.4107      -11.235294       -11.235294       7196.4107                                       7152.5397                        43.871044
              2       3586.6804       2.9154124       1.0207991      0.66459934     0.030011944      0.15010727     0.021068131      0.93461526       7195.8314      -11.235294       -11.235294       7195.8314                                       7151.6111                        44.220243
              1        3586.945       2.9154124       1.0207991      0.66459934     0.030011944      0.15010727     0.021068131      0.93312229       7196.3606      -11.235294       -11.235294       7196.3606                                        7149.458                        46.902559
              3       3586.2939       2.9154124       1.0207991      0.66459934     0.030011944      0.15010727     0.021068131      0.93380904       7195.0584      -11.235294       -11.235294       7195.0584                                       7149.4105                        45.647863
              3       3586.2893       2.9154124       1.0207991      0.66459934     0.030011944      0.15010727     0.021068131       0.9338258       7195.0492      -11.235294       -11.235294       7195.0492                                       7149.4315                         45.61769
              5       3586.4772       2.9154124       1.0207991      0.66459934     0.030011944      0.15010727     0.021068131      0.93442457       7195.4251      -11.235294       -11.235294       7195.4251                                       7150.8716                        44.553499
              2       3586.2732       2.9154124       1.0207991      0.66459934     0.030011944      0.15010727     0.021068131      0.93392429        7195.017      -11.235294       -11.235294        7195.017                                       7149.5762                          45.4408
              6       3586.2929       2.9154124       1.0207991      0.66459934     0.030011944      0.15010727     0.021068131      0.93381256       7195.0564      -11.235294       -11.235294       7195.0564                                       7149.4149                        45.641532
              3       3586.4023       2.9154124       1.0207991      0.66459934     0.030011944      0.15010727     0.021068131      0.93433024       7195.2752      -11.235294       -11.235294       7195.2752                                       7150.5558                        44.719372
              2       3586.2784       2.9154124       1.0207991      0.66459934     0.030011944      0.15010727     0.021068131      0.93387866       7195.0273      -11.235294       -11.235294       7195.0273                                       7149.5047                        45.522669
              4       3587.0569       2.9154124       1.0207991      0.66459934     0.030011944      0.15010727     0.021068131      0.93486849       7196.5843      -11.235294       -11.235294       7196.5843                                       7152.8025                         43.78187
              2       3587.0967       2.9154124       1.0207991      0.66459934     0.030011944      0.15010727     0.021068131      0.93489125       7196.6639      -11.235294       -11.235294       7196.6639                                       7152.9212                        43.742698
             11       3586.2727       2.9154124       1.0207991      0.66459934     0.030011944      0.15010727     0.021068131      0.93398936       7195.0161      -11.235294       -11.235294       7195.0161                                       7149.6918                        45.324326
              2        3586.272       2.9154124       1.0207991      0.66459934     0.030011944      0.15010727     0.021068131      0.93395399       7195.0146      -11.235294       -11.235294       7195.0146                                        7149.627                        45.387593
              1       3588.4286       2.9154124       1.0207991      0.66459934     0.030011944      0.15010727     0.021068131      0.93546693       7199.3277      -11.235294       -11.235294       7199.3277                                       7156.5628                        42.764913
             13       3586.9845       2.9154124       1.0207991      0.66459934     0.030011944      0.15010727     0.021068131      0.93309805       7196.4396      -11.235294       -11.235294       7196.4396                                       7149.4921                        46.947506
             10       3586.3591       2.9154124       1.0207991      0.66459934     0.030011944      0.15010727     0.021068131       0.9342629       7195.1889      -11.235294       -11.235294       7195.1889                                       7150.3507                         44.83819
              5       3586.6165       2.9154124       1.0207991      0.66459934     0.030011944      0.15010727     0.021068131      0.93456184       7195.7036      -11.235294       -11.235294       7195.7036                                       7151.3903                        44.313319
              9       3586.2833       2.9154124       1.0207991      0.66459934     0.030011944      0.15010727     0.021068131       0.9340695       7195.0371      -11.235294       -11.235294       7195.0371                                       7149.8558                        45.181309
              2       3586.8517       2.9154124       1.0207991      0.66459934     0.030011944      0.15010727     0.021068131      0.93318251       7196.1739      -11.235294       -11.235294       7196.1739                                       7149.3828                        46.791122
              2       3586.3586       2.9154124       1.0207991      0.66459934     0.030011944      0.15010727     0.021068131      0.93365952       7195.1878      -11.235294       -11.235294       7195.1878                                       7149.2698                         45.91802
              2        3586.534       2.9154124       1.0207991      0.66459934     0.030011944      0.15010727     0.021068131      0.93448484       7195.5386      -11.235294       -11.235294       7195.5386                                       7151.0907                        44.447872
              2       3586.9215       2.9154124       1.0207991      0.66459934     0.030011944      0.15010727     0.021068131      0.93313702       7196.3136      -11.235294       -11.235294       7196.3136                                       7149.4383                        46.875283
              2        3586.585       2.9154124       1.0207991      0.66459934     0.030011944      0.15010727     0.021068131      0.93338862       7195.6406      -11.235294       -11.235294       7195.6406                                       7149.2289                        46.411743
             11       3586.6466       2.9154124       1.0207991      0.66459934     0.030011944      0.15010727     0.021068131       0.9333349       7195.7639      -11.235294       -11.235294       7195.7639                                       7149.2536                        46.510323
              8       3586.2736       2.9154124       1.0207991      0.66459934     0.030011944      0.15010727     0.021068131       0.9340018       7195.0177      -11.235294       -11.235294       7195.0177                                       7149.7156                        45.302097
             10        3586.851       2.9154124       1.0207991      0.66459934     0.030011944      0.15010727     0.021068131      0.93474021       7196.1725      -11.235294       -11.235294       7196.1725                                       7152.1692                        44.003342
              4       3586.3015       2.9154124       1.0207991      0.66459934     0.030011944      0.15010727     0.021068131      0.93378465       7195.0737      -11.235294       -11.235294       7195.0737                                       7149.3819                        45.691817
              7       3587.2681       2.9154124       1.0207991      0.66459934     0.030011944      0.15010727     0.021068131      0.93294103       7197.0067      -11.235294       -11.235294       7197.0067                                       7149.7671                        47.239689
              2        3587.243       2.9154124       1.0207991      0.66459934     0.030011944      0.15010727     0.021068131       0.9329539       7196.9567      -11.235294       -11.235294       7196.9567                                        7149.741                        47.215659
              1       3586.7867       2.9154124       1.0207991      0.66459934     0.030011944      0.15010727     0.021068131       0.9346956       7196.0439      -11.235294       -11.235294       7196.0439                                       7151.9633                        44.080646
              3       3586.6449       2.9154124       1.0207991      0.66459934     0.030011944      0.15010727     0.021068131      0.93333634       7195.7604      -11.235294       -11.235294       7195.7604                                       7149.2528                        46.507665
              5       3586.3197       2.9154124       1.0207991      0.66459934     0.030011944      0.15010727     0.021068131      0.93373723       7195.1099      -11.235294       -11.235294       7195.1099                                       7149.3325                        45.777397
              6       3516.3616       2.9045985       1.0052449      0.65791542     0.030059504      0.15018224     0.016182586      0.93244487       7055.1939      -11.235294       -11.235294       7055.1939                                       7011.5509                        43.642997
              1       3516.6954       2.9045985       1.0052449      0.65791542     0.030059504      0.15018224     0.016182586      0.93085122       7055.8614      -11.235294       -11.235294       7055.8614                                       7009.1929                        46.668497
              3       3515.9468       2.9045985       1.0052449      0.65791542     0.030059504      0.15018224     0.016182586      0.93155301       7054.3642      -11.235294       -11.235294       7054.3642                                       7009.0519                        45.312316
              2       3516.5623       2.9045985       1.0052449      0.65791542     0.030059504      0.15018224     0.016182586      0.93093106       7055.5951      -11.235294       -11.235294       7055.5951                                       7009.0828                        46.512299
              9       3516.2044       2.9045985       1.0052449      0.65791542     0.030059504      0.15018224     0.016182586        0.932313       7054.8794      -11.235294       -11.235294       7054.8794                                       7010.9934                        43.886028
              1       3516.0757       2.9045985       1.0052449      0.65791542     0.030059504      0.15018224     0.016182586      0.93133734       7054.6221      -11.235294       -11.235294       7054.6221                                        7008.897                        45.725095
              1        3516.236       2.9045985       1.0052449      0.65791542     0.030059504      0.15018224     0.016182586      0.93117138       7054.9425      -11.235294       -11.235294       7054.9425                                       7008.8974                        46.045134
              5       3516.7767       2.9045985       1.0052449      0.65791542     0.030059504      0.15018224     0.016182586      0.93270928        7056.024      -11.235294       -11.235294        7056.024                                       7012.8643                        43.159687
              4       3515.9099       2.9045985       1.0052449      0.65791542     0.030059504      0.15018224     0.016182586      0.93170356       7054.2903      -11.235294       -11.235294       7054.2903                                        7009.264                        45.026302
              7       3516.5779       2.9045985       1.0052449      0.65791542     0.030059504      0.15018224     0.016182586      0.93259308       7055.6264      -11.235294       -11.235294       7055.6264                                        7012.255                        43.371434
              2       3517.1347       2.9045985       1.0052449      0.65791542     0.030059504      0.15018224     0.016182586      0.93288895       7056.7399      -11.235294       -11.235294       7056.7399                                       7013.9057                        42.834279
             12       3516.4361       2.9045985       1.0052449      0.65791542     0.030059504      0.15018224     0.016182586      0.93101466       7055.3428      -11.235294       -11.235294       7055.3428                                       7008.9935                        46.349292
              2       3516.2854       2.9045985       1.0052449      0.65791542     0.030059504      0.15018224     0.016182586      0.93112901       7055.0414      -11.235294       -11.235294       7055.0414                                       7008.9142                         46.12717
              1       3517.5336       2.9045985       1.0052449      0.65791542     0.030059504      0.15018224     0.016182586      0.93045708       7057.5379      -11.235294       -11.235294       7057.5379                                       7010.0912                        47.446715
              5       3517.5235       2.9045985       1.0052449      0.65791542     0.030059504      0.15018224     0.016182586      0.93305639       7057.5175      -11.235294       -11.235294       7057.5175                                       7014.9843                        42.533197
              9       3516.9582       2.9045985       1.0052449      0.65791542     0.030059504      0.15018224     0.016182586      0.93280421        7056.387      -11.235294       -11.235294        7056.387                                       7013.3995                        42.987455
              1       3517.4848       2.9045985       1.0052449      0.65791542     0.030059504      0.15018224     0.016182586      0.93047669       7057.4402      -11.235294       -11.235294       7057.4402                                       7010.0325                        47.407703
              8       3515.9508       2.9045985       1.0052449      0.65791542     0.030059504      0.15018224     0.016182586      0.93154298       7054.3722      -11.235294       -11.235294       7054.3722                                       7009.0408                        45.331442
             12       3515.9482       2.9045985       1.0052449      0.65791542     0.030059504      0.15018224     0.016182586      0.93154954       7054.3669      -11.235294       -11.235294       7054.3669                                        7009.048                        45.318945
              2       3516.0966       2.9045985       1.0052449      0.65791542     0.030059504      0.15018224     0.016182586      0.93220052       7054.6637      -11.235294       -11.235294       7054.6637                                       7010.5693                        44.094366
              1       3516.0832       2.9045985       1.0052449      0.65791542     0.030059504      0.15018224     0.016182586      0.93218448       7054.6369      -11.235294       -11.235294       7054.6369                                       7010.5127                        44.124149
              6       3516.3784       2.9045985       1.0052449      0.65791542     0.030059504      0.15018224     0.016182586      0.93105619       7055.2275      -11.235294       -11.235294       7055.2275                                       7008.9589                        46.268508
              1       3517.1819       2.9045985       1.0052449      0.65791542     0.030059504      0.15018224     0.016182586      0.93060579       7056.8345      -11.235294       -11.235294       7056.8345                                       7009.6828                        47.151681
              2       3517.4413       2.9045985       1.0052449      0.65791542     0.030059504      0.15018224     0.016182586      0.93302283       7057.3531      -11.235294       -11.235294       7057.3531                                       7014.7597                        42.593379
              6        3516.121       2.9045985       1.0052449      0.65791542     0.030059504      0.15018224     0.016182586      0.93128445       7054.7126      -11.235294       -11.235294       7054.7126                                       7008.8858                        45.826843
              5       3516.1347       2.9045985       1.0052449      0.65791542     0.030059504      0.15018224     0.016182586      0.93126962         7054.74      -11.235294       -11.235294         7054.74                                       7008.8846                        45.855421
              1       3516.4179       2.9045985       1.0052449      0.65791542     0.030059504      0.15018224     0.016182586      0.93102748       7055.3065      -11.235294       -11.235294       7055.3065                                       7008.9821                        46.324334
              1       3516.3206       2.9045985       1.0052449      0.65791542     0.030059504      0.15018224     0.016182586       0.9311005       7055.1118      -11.235294       -11.235294       7055.1118                                       7008.9293                        46.182461
              4       3516.0703       2.9045985       1.0052449      0.65791542     0.030059504      0.15018224     0.016182586      0.93134414       7054.6112      -11.235294       -11.235294       7054.6112                                       7008.8992                        45.712008
              1       3516.3676       2.9045985       1.0052449      0.65791542     0.030059504      0.15018224     0.016182586      0.93106424       7055.2059      -11.235294       -11.235294       7055.2059                                        7008.953                        46.252858
              8       3515.9574       2.9045985       1.0052449      0.65791542     0.030059504      0.15018224     0.016182586      0.93198477       7054.3854      -11.235294       -11.235294       7054.3854                                       7009.8887                        44.496645
              5       3515.9073       2.9045985       1.0052449      0.65791542     0.030059504      0.15018224     0.016182586      0.93176695       7054.2852      -11.235294       -11.235294       7054.2852                                       7009.3789                        44.906383
              1       3516.0529       2.9045985       1.0052449      0.65791542     0.030059504      0.15018224     0.016182586      0.93136677       7054.5763      -11.235294       -11.235294       7054.5763                                       7008.9078                        45.668552
              3       3516.1261       2.9045985       1.0052449      0.65791542     0.030059504      0.15018224     0.016182586      0.93223391       7054.7227      -11.235294       -11.235294       7054.7227                                       7010.6903                        44.032421
              4       3516.1129       2.9045985       1.0052449      0.65791542     0.030059504      0.15018224     0.016182586      0.93129354       7054.6963      -11.235294       -11.235294       7054.6963                                        7008.887                        45.809351
              4       3515.9834       2.9045985       1.0052449      0.65791542     0.030059504      0.15018224     0.016182586      0.93203794       7054.4374      -11.235294       -11.235294       7054.4374                                       7010.0402                        44.397173
              1       3515.9693       2.9045985       1.0052449      0.65791542     0.030059504      0.15018224     0.016182586       0.9320105       7054.4092      -11.235294       -11.235294       7054.4092                                       7009.9607                        44.448491
              8       3516.1268       2.9045985       1.0052449      0.65791542     0.030059504      0.15018224     0.016182586      0.93127814       7054.7242      -11.235294       -11.235294       7054.7242                                       7008.8852                        45.839008
             10       3515.9078       2.9045985       1.0052449      0.65791542     0.030059504      0.15018224     0.016182586      0.93178005       7054.2861      -11.235294       -11.235294       7054.2861                                       7009.4045                         44.88164
              2       3516.2595       2.9045985       1.0052449      0.65791542     0.030059504      0.15018224     0.016182586      0.93236249       7054.9896      -11.235294       -11.235294       7054.9896                                        7011.195                        43.794677
              3       3516.5703       2.9045985       1.0052449      0.65791542     0.030059504      0.15018224     0.016182586      0.93258829       7055.6111      -11.235294       -11.235294       7055.6111                                       7012.2309                        43.380186
              2       3516.0251       2.9045985       1.0052449      0.65791542     0.030059504      0.15018224     0.016182586       0.9321067       7054.5208      -11.235294       -11.235294       7054.5208                                       7010.2519                        44.268855
              3       3516.4125       2.9045985       1.0052449      0.65791542     0.030059504      0.15018224     0.016182586      0.93103138       7055.2956      -11.235294       -11.235294       7055.2956                                       7008.9788                        46.316759
              6       3515.9462       2.9045985       1.0052449      0.65791542     0.030059504      0.15018224     0.016182586      0.93155471       7054.3629      -11.235294       -11.235294       7054.3629                                       7009.0538                        45.309087
              3       3515.9948       2.9045985       1.0052449      0.65791542     0.030059504      0.15018224     0.016182586      0.93145408       7054.4603      -11.235294       -11.235294       7054.4603                                        7008.959                        45.501228
              2       3516.8859       2.9045985       1.0052449      0.65791542     0.030059504      0.15018224     0.016182586      0.93074796       7056.2423      -11.235294       -11.235294       7056.2423                                       7009.3711                        46.871228
              5       3519.8228       2.9045985       1.0052449      0.65791542     0.030059504      0.15018224     0.016182586      0.92974288       7062.1162      -11.235294       -11.235294       7062.1162                                       7013.2288                        48.887388
              2       3518.6155       2.9045985       1.0052449      0.65791542     0.030059504      0.15018224     0.016182586      0.93008084       7059.7016      -11.235294       -11.235294       7059.7016                                       7011.5009                        48.200733
              3       3516.1107       2.9045985       1.0052449      0.65791542     0.030059504      0.15018224     0.016182586      0.93221684        7054.692      -11.235294       -11.235294        7054.692                                       7010.6279                        44.064068
              5        3515.973       2.9045985       1.0052449      0.65791542     0.030059504      0.15018224     0.016182586      0.93201795       7054.4166      -11.235294       -11.235294       7054.4166                                        7009.982                        44.434555
              1       3517.0652       2.9045985       1.0052449      0.65791542     0.030059504      0.15018224     0.016182586      0.93065964        7056.601      -11.235294       -11.235294        7056.601                                       7009.5557                         47.04528
              2       3516.4178       2.9045985       1.0052449      0.65791542     0.030059504      0.15018224     0.016182586      0.93102756       7055.3062      -11.235294       -11.235294       7055.3062                                        7008.982                        46.324176
              1       3519.5822       2.9045985       1.0052449      0.65791542     0.030059504      0.15018224     0.016182586      0.92980551        7061.635      -11.235294       -11.235294        7061.635                                       7012.8755                        48.759471
              2       3517.4887       2.9045985       1.0052449      0.65791542     0.030059504      0.15018224     0.016182586      0.93047512        7057.448      -11.235294       -11.235294        7057.448                                       7010.0371                        47.410832
              2       3516.0129       2.9045985       1.0052449      0.65791542     0.030059504      0.15018224     0.016182586      0.93142447       7054.4963      -11.235294       -11.235294       7054.4963                                       7008.9384                        45.557896
              4        3517.441       2.9045985       1.0052449      0.65791542     0.030059504      0.15018224     0.016182586      0.93302271       7057.3525      -11.235294       -11.235294       7057.3525                                       7014.7589                        42.593595
             15       3516.5006       2.9045985       1.0052449      0.65791542     0.030059504      0.15018224     0.016182586      0.93097078       7055.4718      -11.235294       -11.235294       7055.4718                                       7009.0371                        46.434791
              3        3515.915       2.9045985       1.0052449      0.65791542     0.030059504      0.15018224     0.016182586      0.93184628       7054.3006      -11.235294       -11.235294       7054.3006                                       7009.5439                        44.756729
              1       3517.5062       2.9045985       1.0052449      0.65791542     0.030059504      0.15018224     0.016182586       0.9330494       7057.4829      -11.235294       -11.235294       7057.4829                                       7014.9372                        42.545718
              1       3517.3063       2.9045985       1.0052449      0.65791542     0.030059504      0.15018224     0.016182586       0.9329657       7057.0832      -11.235294       -11.235294       7057.0832                                       7014.3871                        42.696007
              4       3515.9443       2.9045985       1.0052449      0.65791542     0.030059504      0.15018224     0.016182586      0.93155952       7054.3592      -11.235294       -11.235294       7054.3592                                       7009.0593                        45.299921
              1       3515.9157       2.9045985       1.0052449      0.65791542     0.030059504      0.15018224     0.016182586        0.931662        7054.302      -11.235294       -11.235294        7054.302                                       7009.1969                        45.105088
              3       3516.1213       2.9045985       1.0052449      0.65791542     0.030059504      0.15018224     0.016182586      0.93128412       7054.7132      -11.235294       -11.235294       7054.7132                                       7008.8858                        45.827479
              1       3518.6717       2.9045985       1.0052449      0.65791542     0.030059504      0.15018224     0.016182586       0.9300636       7059.8141      -11.235294       -11.235294       7059.8141                                       7011.5785                        48.235564
             26       3515.9072       2.9045985       1.0052449      0.65791542     0.030059504      0.15018224     0.016182586      0.93176009        7054.285      -11.235294       -11.235294        7054.285                                       7009.3657                        44.919338
              5       3497.4231       2.9099953       1.0033826      0.65689056     0.030039733      0.15017351     0.018728926       0.9318017       7017.3167      -11.235294       -11.235294       7017.3167                                       6969.6729                        47.643879
              4       3497.6863       2.9099953       1.0033826      0.65689056     0.030039733      0.15017351     0.018728926       0.9312333       7017.8432      -11.235294       -11.235294       7017.8432                                       6969.0557                        48.787566
             16       3497.9786       2.9099953       1.0033826      0.65689056     0.030039733      0.15017351     0.018728926      0.93099731       7018.4277      -11.235294       -11.235294       7018.4277                                        6969.158                        49.269675
              6       3497.5452       2.9099953       1.0033826      0.65689056     0.030039733      0.15017351     0.018728926      0.93211791        7017.561      -11.235294       -11.235294        7017.561                                       6970.5427                        47.018317
             11       3497.9934       2.9099953       1.0033826      0.65689056     0.030039733      0.15017351     0.018728926      0.93253136       7018.4574      -11.235294       -11.235294       7018.4574                                       6972.2455                         46.21187
              5        3497.459       2.9099953       1.0033826      0.65689056     0.030039733      0.15017351     0.018728926      0.93195661       7017.3885      -11.235294       -11.235294       7017.3885                                       6970.0521                        47.336466
              2        3497.713       2.9099953       1.0033826      0.65689056     0.030039733      0.15017351     0.018728926      0.93231018       7017.8966      -11.235294       -11.235294       7017.8966                                        6971.255                        46.641678
              3       3498.3838       2.9099953       1.0033826      0.65689056     0.030039733      0.15017351     0.018728926      0.93075858       7019.2381      -11.235294       -11.235294       7019.2381                                       6969.4764                        49.761738
              3       3500.3934       2.9099953       1.0033826      0.65689056     0.030039733      0.15017351     0.018728926      0.93000363       7023.2574      -11.235294       -11.235294       7023.2574                                       6971.9106                        51.346796
              6        3499.429       2.9099953       1.0033826      0.65689056     0.030039733      0.15017351     0.018728926      0.93031543       7021.3286      -11.235294       -11.235294       7021.3286                                       6970.6418                        50.686806
              4       3498.3283       2.9099953       1.0033826      0.65689056     0.030039733      0.15017351     0.018728926      0.93273197       7019.1271      -11.235294       -11.235294       7019.1271                                       6973.3019                        45.825253
              4       3499.1982       2.9099953       1.0033826      0.65689056     0.030039733      0.15017351     0.018728926      0.93312195       7020.8669      -11.235294       -11.235294       7020.8669                                       6975.7845                        45.082374
              2       3498.2772       2.9099953       1.0033826      0.65689056     0.030039733      0.15017351     0.018728926      0.93270413        7019.025      -11.235294       -11.235294        7019.025                                       6973.1463                        45.878732
              3       3497.7933       2.9099953       1.0033826      0.65689056     0.030039733      0.15017351     0.018728926      0.93238154       7018.0571      -11.235294       -11.235294       7018.0571                                       6971.5545                        46.502609
              9       3497.8419       2.9099953       1.0033826      0.65689056     0.030039733      0.15017351     0.018728926      0.93242106       7018.1544      -11.235294       -11.235294       7018.1544                                       6971.7287                        46.425746
              5       3498.3062       2.9099953       1.0033826      0.65689056     0.030039733      0.15017351     0.018728926      0.93272004        7019.083      -11.235294       -11.235294        7019.083                                       6973.2348                        45.848164
              6       3498.1589       2.9099953       1.0033826      0.65689056     0.030039733      0.15017351     0.018728926      0.93263626       7018.7885      -11.235294       -11.235294       7018.7885                                       6972.7791                        46.009333
              4       3497.4458       2.9099953       1.0033826      0.65689056     0.030039733      0.15017351     0.018728926      0.93159855       7017.3622      -11.235294       -11.235294       7017.3622                                       6969.3124                         48.04981
              3       3497.4465       2.9099953       1.0033826      0.65689056     0.030039733      0.15017351     0.018728926      0.93192054       7017.3636      -11.235294       -11.235294       7017.3636                                       6969.9557                        47.407891
              1       3499.6319       2.9099953       1.0033826      0.65689056     0.030039733      0.15017351     0.018728926      0.93024444       7021.7344      -11.235294       -11.235294       7021.7344                                        6970.898                        50.836425
              2       3499.2495       2.9099953       1.0033826      0.65689056     0.030039733      0.15017351     0.018728926      0.93314154       7020.9695      -11.235294       -11.235294       7020.9695                                       6975.9242                        45.045358
              5       3498.0068       2.9099953       1.0033826      0.65689056     0.030039733      0.15017351     0.018728926      0.93097829       7018.4842      -11.235294       -11.235294       7018.4842                                       6969.1755                        49.308724
              3       3497.9416       2.9099953       1.0033826      0.65689056     0.030039733      0.15017351     0.018728926      0.93102298       7018.3537      -11.235294       -11.235294       7018.3537                                       6969.1367                        49.217022
              3       3497.6507       2.9099953       1.0033826      0.65689056     0.030039733      0.15017351     0.018728926      0.93126987       7017.7719      -11.235294       -11.235294       7017.7719                                       6969.0587                        48.713227
              8        3498.374       2.9099953       1.0033826      0.65689056     0.030039733      0.15017351     0.018728926      0.93275623       7019.2185      -11.235294       -11.235294       7019.2185                                       6973.4398                        45.778697
              7       3497.6049       2.9099953       1.0033826      0.65689056     0.030039733      0.15017351     0.018728926      0.93132122       7017.6805      -11.235294       -11.235294       7017.6805                                       6969.0714                         48.60904
             27       3498.1911       2.9099953       1.0033826      0.65689056     0.030039733      0.15017351     0.018728926      0.93086409       7018.8527      -11.235294       -11.235294       7018.8527                                        6969.309                        49.543724
              1       3497.9715       2.9099953       1.0033826      0.65689056     0.030039733      0.15017351     0.018728926      0.93100213       7018.4136      -11.235294       -11.235294       7018.4136                                       6969.1538                        49.259785
              2       3497.4648       2.9099953       1.0033826      0.65689056     0.030039733      0.15017351     0.018728926      0.93197147       7017.4003      -11.235294       -11.235294       7017.4003                                       6970.0932                        47.307084
              7        3497.663       2.9099953       1.0033826      0.65689056     0.030039733      0.15017351     0.018728926      0.93226059       7017.7966      -11.235294       -11.235294       7017.7966                                        6971.058                        46.738546
              2       3499.4648       2.9099953       1.0033826      0.65689056     0.030039733      0.15017351     0.018728926      0.93322094       7021.4003      -11.235294       -11.235294       7021.4003                                       6976.5046                        44.895647
              4       3499.1171       2.9099953       1.0033826      0.65689056     0.030039733      0.15017351     0.018728926      0.93309041       7020.7047      -11.235294       -11.235294       7020.7047                                       6975.5627                        45.142033
              1       3498.4238       2.9099953       1.0033826      0.65689056     0.030039733      0.15017351     0.018728926      0.93278205       7019.3182      -11.235294       -11.235294       7019.3182                                        6973.589                        45.729205
              4       3497.8933       2.9099953       1.0033826      0.65689056     0.030039733      0.15017351     0.018728926       0.9310579       7018.2571      -11.235294       -11.235294       7018.2571                                       6969.1116                         49.14548
              8       3497.9152       2.9099953       1.0033826      0.65689056     0.030039733      0.15017351     0.018728926      0.93104181        7018.301      -11.235294       -11.235294        7018.301                                       6969.1226                        49.178438
             12       3497.4616       2.9099953       1.0033826      0.65689056     0.030039733      0.15017351     0.018728926      0.93155334       7017.3939      -11.235294       -11.235294       7017.3939                                       6969.2533                        48.140578
              9       3497.4481       2.9099953       1.0033826      0.65689056     0.030039733      0.15017351     0.018728926      0.93159127       7017.3668      -11.235294       -11.235294       7017.3668                                       6969.3023                        48.064417
              1       3497.6899       2.9099953       1.0033826      0.65689056     0.030039733      0.15017351     0.018728926      0.93122982       7017.8503      -11.235294       -11.235294       7017.8503                                       6969.0557                        48.794637
              3       3498.3105       2.9087435       1.0018349      0.65534117     0.030020173      0.15039371     0.018665751      0.93043957       7019.0916      -11.235294       -11.235294       7019.0916                                       6969.2818                        49.809784
              2       3498.5311       2.9087435       1.0018349      0.65534117     0.030020173      0.15039371     0.018665751      0.93170752       7019.5328      -11.235294       -11.235294       7019.5328                                       6972.2884                        47.244372
              2       3498.3426       2.9087435       1.0018349      0.65534117     0.030020173      0.15039371     0.018665751      0.93040973       7019.1558      -11.235294       -11.235294       7019.1558                                       6969.2842                         49.87165
              3       3498.0425       2.9087435       1.0018349      0.65534117     0.030020173      0.15039371     0.018665751      0.93111039       7018.5556      -11.235294       -11.235294       7018.5556                                       6970.1184                        48.437198
              5       3498.0287       2.9087435       1.0018349      0.65534117     0.030020173      0.15039371     0.018665751      0.93102728        7018.528      -11.235294       -11.235294        7018.528                                       6969.9226                        48.605389
              1       3500.1311       2.9087435       1.0018349      0.65534117     0.030020173      0.15039371     0.018665751      0.92950644       7022.7327      -11.235294       -11.235294       7022.7327                                        6970.956                        51.776751
              2       3499.2341       2.9087435       1.0018349      0.65534117     0.030020173      0.15039371     0.018665751      0.92986378       7020.9388      -11.235294       -11.235294       7020.9388                                       6969.9232                         51.01556
              1       3491.0776         2.90865       1.0020898      0.65573286     0.030010636      0.15034411      0.01866031      0.92983437       7004.6258      -11.235294       -11.235294       7004.6258                                       6953.9902                        50.635623
              3       3491.9027         2.90865       1.0020898      0.65573286     0.030010636      0.15034411      0.01866031      0.93246956        7006.276      -11.235294       -11.235294        7006.276                                       6960.9161                        45.359941
              2       3490.6414         2.90865       1.0020898      0.65573286     0.030010636      0.15034411      0.01866031      0.93192461       7003.7534      -11.235294       -11.235294       7003.7534                                       6957.3459                        46.407501
              1        3490.816         2.90865       1.0020898      0.65573286     0.030010636      0.15034411      0.01866031      0.92995857       7004.1026      -11.235294       -11.235294       7004.1026                                       6953.7276                        50.375026
              5        3489.921         2.90865       1.0020898      0.65573286     0.030010636      0.15034411      0.01866031      0.93134508       7002.3126      -11.235294       -11.235294       7002.3126                                       6954.7663                        47.546283
              3        3490.154         2.90865       1.0020898      0.65573286     0.030010636      0.15034411      0.01866031      0.93159586       7002.7785      -11.235294       -11.235294       7002.7785                                       6955.7281                        47.050355
              2       3489.9733         2.90865       1.0020898      0.65573286     0.030010636      0.15034411      0.01866031      0.93055871       7002.4171      -11.235294       -11.235294       7002.4171                                       6953.2846                          49.1325
              4       3491.9007         2.90865       1.0020898      0.65573286     0.030010636      0.15034411      0.01866031       0.9295106       7006.2721      -11.235294       -11.235294       7006.2721                                       6954.9514                        51.320611
              1       3492.0667         2.90865       1.0020898      0.65573286     0.030010636      0.15034411      0.01866031       0.9325264       7006.6041      -11.235294       -11.235294       7006.6041                                       6961.3521                        45.251958
              4       3490.6228         2.90865       1.0020898      0.65573286     0.030010636      0.15034411      0.01866031      0.93006095       7003.7163      -11.235294       -11.235294       7003.7163                                       6953.5552                         50.16108
              7       3489.7983         2.90865       1.0020898      0.65573286     0.030010636      0.15034411      0.01866031      0.93101882       7002.0672      -11.235294       -11.235294       7002.0672                                       6953.8686                        48.198648
              1       3490.0258         2.90865       1.0020898      0.65573286     0.030010636      0.15034411      0.01866031      0.93147414       7002.5223      -11.235294       -11.235294       7002.5223                                       6955.2318                        47.290471
              1       3489.9082         2.90865       1.0020898      0.65573286     0.030010636      0.15034411      0.01866031      0.93064681       7002.2869      -11.235294       -11.235294       7002.2869                                       6953.3345                        48.952428
              5       3490.0881         2.90865       1.0020898      0.65573286     0.030010636      0.15034411      0.01866031      0.93153663       7002.6467      -11.235294       -11.235294       7002.6467                                       6955.4797                        47.167056
              3        3489.809         2.90865       1.0020898      0.65573286     0.030010636      0.15034411      0.01866031      0.93109653       7002.0886      -11.235294       -11.235294       7002.0886                                       6954.0461                        48.042518
              3       3489.7974         2.90865       1.0020898      0.65573286     0.030010636      0.15034411      0.01866031      0.93097699       7002.0654      -11.235294       -11.235294       7002.0654                                       6953.7825                        48.282882
              1        3490.677         2.90865       1.0020898      0.65573286     0.030010636      0.15034411      0.01866031      0.93003114       7003.8246      -11.235294       -11.235294       7003.8246                                       6953.6013                        50.223293
              2       3489.8655         2.90865       1.0020898      0.65573286     0.030010636      0.15034411      0.01866031      0.93125262       7002.2016      -11.235294       -11.235294       7002.2016                                       6954.4712                        47.730328
              1       3490.7268         2.90865       1.0020898      0.65573286     0.030010636      0.15034411      0.01866031      0.93000453       7003.9241      -11.235294       -11.235294       7003.9241                                       6953.6452                        50.278877
              6       3489.8033         2.90865       1.0020898      0.65573286     0.030010636      0.15034411      0.01866031      0.93106504       7002.0771      -11.235294       -11.235294       7002.0771                                       6953.9714                         48.10574
              2       3490.0305         2.90865       1.0020898      0.65573286     0.030010636      0.15034411      0.01866031      0.93049411       7002.5316      -11.235294       -11.235294       7002.5316                                       6953.2667                        49.264919
              5       3489.8637       2.9086663       1.0020863      0.65572726     0.030010166      0.15034595      0.01866234      0.93049995       7002.1979      -11.235294       -11.235294       7002.1979                                       6952.9205                        49.277371
              4       3491.4004       2.9086663       1.0020863      0.65572726     0.030010166      0.15034595      0.01866234      0.92963774       7005.2714      -11.235294       -11.235294       7005.2714                                       6954.1957                        51.075746
              2       3491.2935       2.9086663       1.0020863      0.65572726     0.030010166      0.15034595      0.01866234      0.93230907       7005.0575      -11.235294       -11.235294       7005.0575                                       6959.3683                        45.689222
              1       3489.6913       2.9086663       1.0020863      0.65572726     0.030010166      0.15034595      0.01866234      0.93074137       7001.8531      -11.235294       -11.235294       7001.8531                                        6953.069                          48.7841
              9       3490.1694       2.9086663       1.0020863      0.65572726     0.030010166      0.15034595      0.01866234      0.93024405       7002.8093      -11.235294       -11.235294       7002.8093                                       6953.0041                        49.805146
              4       3490.2695       2.9086663       1.0020863      0.65572726     0.030010166      0.15034595      0.01866234      0.93017755       7003.0097      -11.235294       -11.235294       7003.0097                                       6953.0665                        49.943119
              1       3489.6329       2.9086663       1.0020863      0.65572726     0.030010166      0.15034595      0.01866234      0.93094806       7001.7364      -11.235294       -11.235294       7001.7364                                       6953.3711                        48.365332
              7        3489.649       2.9086663       1.0020863      0.65572726     0.030010166      0.15034595      0.01866234      0.93112769       7001.7686      -11.235294       -11.235294       7001.7686                                       6953.7645                        48.004046
              2       3489.8022       2.9086663       1.0020863      0.65572726     0.030010166      0.15034595      0.01866234      0.93141347        7002.075      -11.235294       -11.235294        7002.075                                       6954.6406                        47.434343
              3        3489.639       2.9086663       1.0020863      0.65572726     0.030010166      0.15034595      0.01866234      0.93108185       7001.7486      -11.235294       -11.235294       7001.7486                                       6953.6526                        48.095999
             11       3489.7533       2.9086663       1.0020863      0.65572726     0.030010166      0.15034595      0.01866234      0.93134807       7001.9772      -11.235294       -11.235294       7001.9772                                       6954.4131                        47.564173
             11       3489.6341       2.9086663       1.0020863      0.65572726     0.030010166      0.15034595      0.01866234      0.93093585       7001.7388      -11.235294       -11.235294       7001.7388                                       6953.3488                        48.389981
              1       3489.8926       2.9086663       1.0020863      0.65572726     0.030010166      0.15034595      0.01866234      0.93151327       7002.2557      -11.235294       -11.235294       7002.2557                                       6955.0189                        47.236868
              1       3490.5329       2.9086663       1.0020863      0.65572726     0.030010166      0.15034595      0.01866234      0.93002436       7003.5365      -11.235294       -11.235294       7003.5365                                       6953.2742                        50.262248
              4       3490.5181       2.9086663       1.0020863      0.65572726     0.030010166      0.15034595      0.01866234      0.93003233       7003.5068      -11.235294       -11.235294       7003.5068                                       6953.2612                        50.245599
              2       3489.7719       2.9086663       1.0020863      0.65572726     0.030010166      0.15034595      0.01866234      0.93060891       7002.0144      -11.235294       -11.235294       7002.0144                                       6952.9602                        49.054184
              4       3490.8679       2.9086663       1.0020863      0.65572726     0.030010166      0.15034595      0.01866234      0.93212762       7004.2064      -11.235294       -11.235294       7004.2064                                       6958.1685                        46.037866
              7       3491.3195       2.9086663       1.0020863      0.65572726     0.030010166      0.15034595      0.01866234      0.93231938       7005.1096      -11.235294       -11.235294       7005.1096                                       6959.4401                        45.669492
             10       3490.4204       2.9086663       1.0020863      0.65572726     0.030010166      0.15034595      0.01866234      0.93189876       7003.3114      -11.235294       -11.235294       7003.3114                                       6956.8303                        46.481183
              2       3490.5209       2.9086663       1.0020863      0.65572726     0.030010166      0.15034595      0.01866234      0.93195489       7003.5125      -11.235294       -11.235294       7003.5125                                       6957.1404                        46.372081
             19        3490.729       2.9086663       1.0020863      0.65572726     0.030010166      0.15034595      0.01866234      0.92992457       7003.9287      -11.235294       -11.235294       7003.9287                                       6953.4575                        50.471118
              1       3492.2565       2.9086663       1.0020863      0.65572726     0.030010166      0.15034595      0.01866234      0.93264826       7006.9836      -11.235294       -11.235294       7006.9836                                       6961.9395                        45.044164
              8       3489.6402       2.9086663       1.0020863      0.65572726     0.030010166      0.15034595      0.01866234      0.93108831       7001.7509      -11.235294       -11.235294       7001.7509                                       6953.6679                        48.083037
              3       3493.9014       2.9086663       1.0020863      0.65572726     0.030010166      0.15034595      0.01866234      0.92889098       7010.2734      -11.235294       -11.235294       7010.2734                                       6957.5935                         52.67987
              8       3489.6371       2.9086663       1.0020863      0.65572726     0.030010166      0.15034595      0.01866234      0.93091228       7001.7449      -11.235294       -11.235294       7001.7449                                       6953.3073                        48.437596
              1       3489.9646       2.9086663       1.0020863      0.65572726     0.030010166      0.15034595      0.01866234      0.93040297       7002.3998      -11.235294       -11.235294       7002.3998                                        6952.923                        49.476801
              5       3489.6719       2.9086663       1.0020863      0.65572726     0.030010166      0.15034595      0.01866234      0.93119746       7001.8145      -11.235294       -11.235294       7001.8145                                       6953.9501                        47.864382
             12       3489.7487       2.9086663       1.0020863      0.65572726     0.030010166      0.15034595      0.01866234      0.93134129        7001.968      -11.235294       -11.235294        7001.968                                       6954.3904                        47.577644
              2       3490.2619       2.9086663       1.0020863      0.65572726     0.030010166      0.15034595      0.01866234      0.93180241       7002.9944      -11.235294       -11.235294       7002.9944                                       6956.3254                        46.668986
              5        3490.314       2.9086663       1.0020863      0.65572726     0.030010166      0.15034595      0.01866234      0.93014969       7003.0987      -11.235294       -11.235294       7003.0987                                       6953.0977                        50.001014
              3       3490.8399       2.9086663       1.0020863      0.65572726     0.030010166      0.15034595      0.01866234      0.93211465       7004.1503      -11.235294       -11.235294       7004.1503                                       6958.0874                        46.062894
              2       3489.6337       2.9086663       1.0020863      0.65572726     0.030010166      0.15034595      0.01866234      0.93093921       7001.7381      -11.235294       -11.235294       7001.7381                                       6953.3549                        48.383184
              1       3490.0992       2.9086663       1.0020863      0.65572726     0.030010166      0.15034595      0.01866234       0.9302944        7002.669      -11.235294       -11.235294        7002.669                                       6952.9681                        49.700903
              7       3491.4366       2.9086663       1.0020863      0.65572726     0.030010166      0.15034595      0.01866234        0.929624       7005.3439      -11.235294       -11.235294       7005.3439                                        6954.239                        51.104889
              2       3490.1122       2.9086663       1.0020863      0.65572726     0.030010166      0.15034595      0.01866234      0.93028476       7002.6951      -11.235294       -11.235294       7002.6951                                       6952.9742                        49.720853
              1        3490.193       2.9086663       1.0020863      0.65572726     0.030010166      0.15034595      0.01866234      0.93022784       7002.8565      -11.235294       -11.235294       7002.8565                                       6953.0178                        49.838738
              1        3490.097       2.9086663       1.0020863      0.65572726     0.030010166      0.15034595      0.01866234      0.93168821       7002.6645      -11.235294       -11.235294       7002.6645                                        6955.772                         46.89252
              6       3491.3691       2.9086663       1.0020863      0.65572726     0.030010166      0.15034595      0.01866234       0.9323388       7005.2089      -11.235294       -11.235294       7005.2089                                       6959.5765                        45.632346
              5       3490.9445       2.9086663       1.0020863      0.65572726     0.030010166      0.15034595      0.01866234      0.93216235       7004.3596      -11.235294       -11.235294       7004.3596                                       6958.3887                        45.970941
              3       3490.8685       2.9086663       1.0020863      0.65572726     0.030010166      0.15034595      0.01866234      0.93212793       7004.2077      -11.235294       -11.235294       7004.2077                                       6958.1704                        46.037285
              4       3489.7399       2.9086663       1.0020863      0.65572726     0.030010166      0.15034595      0.01866234      0.93132787       7001.9503      -11.235294       -11.235294       7001.9503                                        6954.346                         47.60433
              8       3489.7288       2.9086663       1.0020863      0.65572726     0.030010166      0.15034595      0.01866234      0.93131032       7001.9283      -11.235294       -11.235294       7001.9283                                        6954.289                        47.639249
              3       3489.9062       2.9086663       1.0020863      0.65572726     0.030010166      0.15034595      0.01866234      0.93152667       7002.2829      -11.235294       -11.235294       7002.2829                                       6955.0725                        47.210409
              8       3489.6324       2.9086663       1.0020863      0.65572726     0.030010166      0.15034595      0.01866234      0.93095459       7001.7354      -11.235294       -11.235294       7001.7354                                       6953.3833                        48.352142
              3       3492.9269       2.9086663       1.0020863      0.65572726     0.030010166      0.15034595      0.01866234      0.92914537       7008.3244      -11.235294       -11.235294       7008.3244                                       6956.1959                        52.128539
              4       3489.8144       2.9086663       1.0020863      0.65572726     0.030010166      0.15034595      0.01866234        0.930555       7002.0995      -11.235294       -11.235294       7002.0995                                        6952.935                        49.164495
              7       3489.7311       2.9086663       1.0020863      0.65572726     0.030010166      0.15034595      0.01866234       0.9306691       7001.9327      -11.235294       -11.235294       7001.9327                                       6953.0014                        48.931302
              4       3489.6333       2.9086663       1.0020863      0.65572726     0.030010166      0.15034595      0.01866234      0.93094434       7001.7371      -11.235294       -11.235294       7001.7371                                       6953.3642                        48.372844
              4       3489.6735       2.9086663       1.0020863      0.65572726     0.030010166      0.15034595      0.01866234      0.93078155       7001.8175      -11.235294       -11.235294       7001.8175                                       6953.1151                        48.702436
              1       3489.6461       2.9086663       1.0020863      0.65572726     0.030010166      0.15034595      0.01866234      0.93111636       7001.7629      -11.235294       -11.235294       7001.7629                                       6953.7361                        48.026747
              2       3489.6768       2.9086663       1.0020863      0.65572726     0.030010166      0.15034595      0.01866234      0.93120932       7001.8241      -11.235294       -11.235294       7001.8241                                       6953.9834                         47.84068
              5       3489.7346       2.9086663       1.0020863      0.65572726     0.030010166      0.15034595      0.01866234      0.93131953       7001.9397      -11.235294       -11.235294       7001.9397                                       6954.3188                        47.620916
              6       3489.6699       2.9086663       1.0020863      0.65572726     0.030010166      0.15034595      0.01866234       0.9307907       7001.8103      -11.235294       -11.235294       7001.8103                                       6953.1265                        48.683858
              5       3489.7002       2.9086663       1.0020863      0.65572726     0.030010166      0.15034595      0.01866234      0.93125946       7001.8709      -11.235294       -11.235294       7001.8709                                       6954.1303                        47.740589
              1       3489.8617       2.9086663       1.0020863      0.65572726     0.030010166      0.15034595      0.01866234      0.93148151       7002.1941      -11.235294       -11.235294       7002.1941                                       6954.8944                        47.299628
              3       3489.6325       2.9086663       1.0020863      0.65572726     0.030010166      0.15034595      0.01866234      0.93102896       7001.7356      -11.235294       -11.235294       7001.7356                                       6953.5333                        48.202305
              8       3489.6318       2.9086663       1.0020863      0.65572726     0.030010166      0.15034595      0.01866234      0.93101766       7001.7342      -11.235294       -11.235294       7001.7342                                       6953.5091                        48.225054
             18       3489.6891       2.9086663       1.0020863      0.65572726     0.030010166      0.15034595      0.01866234      0.93074593       7001.8488      -11.235294       -11.235294       7001.8488                                       6953.0739                        48.774829
              6       3489.9792       2.9086663       1.0020863      0.65572726     0.030010166      0.15034595      0.01866234      0.93039027       7002.4289      -11.235294       -11.235294       7002.4289                                        6952.926                        49.502972
             12       3490.3336       2.9086663       1.0020863      0.65572726     0.030010166      0.15034595      0.01866234      0.93013774       7003.1378      -11.235294       -11.235294       7003.1378                                       6953.1119                        50.025883
              1       3490.4577       2.9086663       1.0020863      0.65572726     0.030010166      0.15034595      0.01866234      0.93006551        7003.386      -11.235294       -11.235294        7003.386                                       6953.2097                        50.176354
             15       3490.1243       2.9086663       1.0020863      0.65572726     0.030010166      0.15034595      0.01866234        0.930276       7002.7191      -11.235294       -11.235294       7002.7191                                       6952.9801                        49.738971
              2       3489.8824       2.9086663       1.0020863      0.65572726     0.030010166      0.15034595      0.01866234      0.93150301       7002.2354      -11.235294       -11.235294       7002.2354                                       6954.9783                         47.25713
              2       3489.7069       2.9086663       1.0020863      0.65572726     0.030010166      0.15034595      0.01866234      0.93127225       7001.8844      -11.235294       -11.235294       7001.8844                                       6954.1693                        47.715089
              6       3490.5185       2.9086663       1.0020863      0.65572726     0.030010166      0.15034595      0.01866234      0.93195359       7003.5077      -11.235294       -11.235294       7003.5077                                       6957.1331                        46.374608
              4       3489.9026       2.9086663       1.0020863      0.65572726     0.030010166      0.15034595      0.01866234      0.93152319       7002.2758      -11.235294       -11.235294       7002.2758                                       6955.0585                        47.217263
              5       3489.9689       2.9086663       1.0020863      0.65572726     0.030010166      0.15034595      0.01866234      0.93158467       7002.4084      -11.235294       -11.235294       7002.4084                                       6955.3124                        47.096045
              1       3489.9868       2.9086663       1.0020863      0.65572726     0.030010166      0.15034595      0.01866234      0.93038375       7002.4441      -11.235294       -11.235294       7002.4441                                       6952.9277                        49.516409
              2       3489.7476       2.9086663       1.0020863      0.65572726     0.030010166      0.15034595      0.01866234       0.9313396       7001.9658      -11.235294       -11.235294       7001.9658                                       6954.3848                        47.581004
              2       3489.7841       2.9086663       1.0020863      0.65572726     0.030010166      0.15034595      0.01866234       0.9305927       7002.0388      -11.235294       -11.235294       7002.0388                                       6952.9515                        49.087336
             12       3489.6438       2.9086663       1.0020863      0.65572726     0.030010166      0.15034595      0.01866234       0.9308765       7001.7582      -11.235294       -11.235294       7001.7582                                       6953.2483                        48.509944
              1       3489.7549       2.9086663       1.0020863      0.65572726     0.030010166      0.15034595      0.01866234      0.93135038       7001.9804      -11.235294       -11.235294       7001.9804                                       6954.4208                        47.559571
              3       3492.1269       2.9086663       1.0020863      0.65572726     0.030010166      0.15034595      0.01866234      0.92938435       7006.7244      -11.235294       -11.235294       7006.7244                                       6955.1092                        51.615201
              1       3492.3705       2.9086663       1.0020863      0.65572726     0.030010166      0.15034595      0.01866234      0.93268394       7007.2116      -11.235294       -11.235294       7007.2116                                       6962.2347                        44.976817
              9       3490.3368       2.9086663       1.0020863      0.65572726     0.030010166      0.15034595      0.01866234      0.93013581       7003.1442      -11.235294       -11.235294       7003.1442                                       6953.1143                        50.029891
              5       3490.3249       2.9086663       1.0020863      0.65572726     0.030010166      0.15034595      0.01866234      0.93014302       7003.1205      -11.235294       -11.235294       7003.1205                                       6953.1056                        50.014889
              3       3490.2809       2.9086663       1.0020863      0.65572726     0.030010166      0.15034595      0.01866234      0.93181457       7003.0325      -11.235294       -11.235294       7003.0325                                       6956.3872                        46.645255
              4       3490.8014       2.9086663       1.0020863      0.65572726     0.030010166      0.15034595      0.01866234      0.93209661       7004.0734      -11.235294       -11.235294       7004.0734                                       6957.9757                        46.097708
              3       3490.2495       2.9086663       1.0020863      0.65572726     0.030010166      0.15034595      0.01866234      0.93179439       7002.9696      -11.235294       -11.235294       7002.9696                                        6956.285                        46.684648
              5       3489.9393       2.9086663       1.0020863      0.65572726     0.030010166      0.15034595      0.01866234        0.931558       7002.3491      -11.235294       -11.235294       7002.3491                                       6955.2005                        47.148599
             30       3489.6616       2.9086663       1.0020863      0.65572726     0.030010166      0.15034595      0.01866234      0.93116942       7001.7938      -11.235294       -11.235294       7001.7938                                       6953.8733                        47.920458
              3       3489.6441       2.9086663       1.0020863      0.65572726     0.030010166      0.15034595      0.01866234      0.93110763       7001.7588      -11.235294       -11.235294       7001.7588                                       6953.7146                        48.044264
             13       3489.6311       2.9086663       1.0020863      0.65572726     0.030010166      0.15034595      0.01866234      0.93099613       7001.7329      -11.235294       -11.235294       7001.7329                                       6953.4645                        48.268412
              5       3489.8189       2.9086663       1.0020863      0.65572726     0.030010166      0.15034595      0.01866234      0.93054973       7002.1084      -11.235294       -11.235294       7002.1084                                       6952.9331                         49.17531
             12       3489.9929       2.9086663       1.0020863      0.65572726     0.030010166      0.15034595      0.01866234      0.93037851       7002.4565      -11.235294       -11.235294       7002.4565                                       6952.9293                        49.527203
              7       3489.9117       2.9086663       1.0020863      0.65572726     0.030010166      0.15034595      0.01866234      0.93153199       7002.2939      -11.235294       -11.235294       7002.2939                                        6955.094                        47.199891
              4       3489.7466       2.9086663       1.0020863      0.65572726     0.030010166      0.15034595      0.01866234      0.93133817       7001.9639      -11.235294       -11.235294       7001.9639                                         6954.38                        47.583855
              3        3491.046       2.9086663       1.0020863      0.65572726     0.030010166      0.15034595      0.01866234      0.92978061       7004.5626      -11.235294       -11.235294       7004.5626                                       6953.7888                        50.773792
              7        3489.791       2.9086663       1.0020863      0.65572726     0.030010166      0.15034595      0.01866234      0.93058386       7002.0526      -11.235294       -11.235294       7002.0526                                       6952.9471                         49.10543
              2       3491.9422       2.9086663       1.0020863      0.65572726     0.030010166      0.15034595      0.01866234      0.92944481        7006.355      -11.235294       -11.235294        7006.355                                       6954.8689                        51.486044
             17       3489.8824       2.9086663       1.0020863      0.65572726     0.030010166      0.15034595      0.01866234      0.93048053       7002.2354      -11.235294       -11.235294       7002.2354                                       6952.9182                        49.317259
              5       3489.6879       2.9086663       1.0020863      0.65572726     0.030010166      0.15034595      0.01866234      0.93123451       7001.8464      -11.235294       -11.235294       7001.8464                                       6954.0561                        47.790364
              2       3490.8368       2.9086663       1.0020863      0.65572726     0.030010166      0.15034595      0.01866234      0.93211324       7004.1443      -11.235294       -11.235294       7004.1443                                       6958.0787                        46.065608
              1       3491.0858       2.9086663       1.0020863      0.65572726     0.030010166      0.15034595      0.01866234      0.92976375       7004.6421      -11.235294       -11.235294       7004.6421                                       6953.8328                        50.809343
              4       3491.7401       2.9086663       1.0020863      0.65572726     0.030010166      0.15034595      0.01866234      0.93247597       7005.9508      -11.235294       -11.235294       7005.9508                                         6960.58                        45.370732
              1       3489.8906       2.9086663       1.0020863      0.65572726     0.030010166      0.15034595      0.01866234      0.93151132       7002.2518      -11.235294       -11.235294       7002.2518                                       6955.0111                        47.240703
              1       3490.1314       2.9086663       1.0020863      0.65572726     0.030010166      0.15034595      0.01866234      0.93027082       7002.7335      -11.235294       -11.235294       7002.7335                                       6952.9838                        49.749707
              3       3489.7114       2.9086663       1.0020863      0.65572726     0.030010166      0.15034595      0.01866234      0.93070262       7001.8933      -11.235294       -11.235294       7001.8933                                       6953.0303                        48.862981
              1       3490.7293       2.9086663       1.0020863      0.65572726     0.030010166      0.15034595      0.01866234      0.92992442       7003.9293      -11.235294       -11.235294       7003.9293                                       6953.4578                        50.471426
              1       3492.5631       2.9086663       1.0020863      0.65572726     0.030010166      0.15034595      0.01866234      0.92924994       7007.5968      -11.235294       -11.235294       7007.5968                                       6955.6934                        51.903376
             11       3489.9106       2.9086663       1.0020863      0.65572726     0.030010166      0.15034595      0.01866234      0.93045272       7002.2917      -11.235294       -11.235294       7002.2917                                       6952.9173                        49.374406
              1       3489.8568       2.9086663       1.0020863      0.65572726     0.030010166      0.15034595      0.01866234      0.93147626       7002.1843      -11.235294       -11.235294       7002.1843                                       6954.8743                        47.309997
             23       3490.1071       2.9086663       1.0020863      0.65572726     0.030010166      0.15034595      0.01866234      0.93169578       7002.6848      -11.235294       -11.235294       7002.6848                                       6955.8071                        46.877679
              2       3490.3509       2.9086663       1.0020863      0.65572726     0.030010166      0.15034595      0.01866234      0.93012734       7003.1723      -11.235294       -11.235294       7003.1723                                       6953.1248                        50.047518
              1       3490.0022       2.9086663       1.0020863      0.65572726     0.030010166      0.15034595      0.01866234      0.93161325        7002.475      -11.235294       -11.235294        7002.475                                       6955.4352                        47.039784
              2        3490.735       2.9086663       1.0020863      0.65572726     0.030010166      0.15034595      0.01866234      0.92992169       7003.9406      -11.235294       -11.235294       7003.9406                                       6953.4634                         50.47716
              6       3490.2502       2.9086663       1.0020863      0.65572726     0.030010166      0.15034595      0.01866234      0.93018995        7002.971      -11.235294       -11.235294        7002.971                                       6953.0536                        49.917362
              2        3490.253       2.9086663       1.0020863      0.65572726     0.030010166      0.15034595      0.01866234      0.93018815       7002.9766      -11.235294       -11.235294       7002.9766                                       6953.0555                        49.921099
              1       3491.5935       2.9086663       1.0020863      0.65572726     0.030010166      0.15034595      0.01866234      0.92956598       7005.6575      -11.235294       -11.235294       7005.6575                                       6954.4295                        51.228028
              1       3492.3797       2.9086663       1.0020863      0.65572726     0.030010166      0.15034595      0.01866234      0.92930514         7007.23      -11.235294       -11.235294         7007.23                                       6955.4451                        51.784861
              3       3489.7474       2.9086663       1.0020863      0.65572726     0.030010166      0.15034595      0.01866234      0.93133927       7001.9653      -11.235294       -11.235294       7001.9653                                       6954.3837                        47.581655
              1        3490.046       2.9086663       1.0020863      0.65572726     0.030010166      0.15034595      0.01866234      0.93164896       7002.5626      -11.235294       -11.235294       7002.5626                                        6955.593                        46.969564
              6       3491.2251       2.9086663       1.0020863      0.65572726     0.030010166      0.15034595      0.01866234      0.93228165       7004.9208      -11.235294       -11.235294       7004.9208                                       6959.1791                        45.741754
              4        3490.493       2.9086663       1.0020863      0.65572726     0.030010166      0.15034595      0.01866234      0.93004599       7003.4566      -11.235294       -11.235294       7003.4566                                       6953.2395                         50.21708
              2       3491.1511       2.9086663       1.0020863      0.65572726     0.030010166      0.15034595      0.01866234      0.92973655       7004.7727      -11.235294       -11.235294       7004.7727                                        6953.906                        50.866746
              9       3490.3679       2.9086663       1.0020863      0.65572726     0.030010166      0.15034595      0.01866234      0.93011721       7003.2063      -11.235294       -11.235294       7003.2063                                       6953.1377                        50.068613
              6       3490.6648       2.9086663       1.0020863      0.65572726     0.030010166      0.15034595      0.01866234      0.92995622       7003.8001      -11.235294       -11.235294       7003.8001                                       6953.3953                        50.404799
              1       3489.6567       2.9086663       1.0020863      0.65572726     0.030010166      0.15034595      0.01866234      0.93082831        7001.784      -11.235294       -11.235294        7001.784                                       6953.1764                        48.607558
              1       3489.7688       2.9086663       1.0020863      0.65572726     0.030010166      0.15034595      0.01866234         0.93137       7002.0082      -11.235294       -11.235294       7002.0082                                       6954.4876                        47.520606
             11       3490.2935       2.9086663       1.0020863      0.65572726     0.030010166      0.15034595      0.01866234      0.93016242       7003.0576      -11.235294       -11.235294       7003.0576                                       6953.0831                        49.974552
              1        3489.815       2.9086663       1.0020863      0.65572726     0.030010166      0.15034595      0.01866234      0.93055431       7002.1006      -11.235294       -11.235294       7002.1006                                       6952.9347                        49.165925
              8       3490.2313       2.9086663       1.0020863      0.65572726     0.030010166      0.15034595      0.01866234      0.93020229       7002.9331      -11.235294       -11.235294       7002.9331                                       6953.0414                        49.891746
              1       3489.6396       2.9086663       1.0020863      0.65572726     0.030010166      0.15034595      0.01866234      0.93108548       7001.7499      -11.235294       -11.235294       7001.7499                                       6953.6612                        48.088711
              1       3490.1592       2.9086663       1.0020863      0.65572726     0.030010166      0.15034595      0.01866234      0.93173334       7002.7889      -11.235294       -11.235294       7002.7889                                       6955.9848                        46.804074
              2       3491.0654       2.9086663       1.0020863      0.65572726     0.030010166      0.15034595      0.01866234      0.93221519       7004.6015      -11.235294       -11.235294       7004.6015                                       6958.7322                        45.869311
              4       3490.5669       2.9086663       1.0020863      0.65572726     0.030010166      0.15034595      0.01866234      0.93000636       7003.6044      -11.235294       -11.235294       7003.6044                                       6953.3045                        50.299872
              7       3491.6275       2.9086663       1.0020863      0.65572726     0.030010166      0.15034595      0.01866234       0.9295537       7005.7256      -11.235294       -11.235294       7005.7256                                       6954.4715                        51.254121
              6       3490.8015       2.9086663       1.0020863      0.65572726     0.030010166      0.15034595      0.01866234      0.92988997       7004.0736      -11.235294       -11.235294       7004.0736                                       6953.5299                        50.543708
              1       3489.9523       2.9086663       1.0020863      0.65572726     0.030010166      0.15034595      0.01866234      0.93041392       7002.3752      -11.235294       -11.235294       7002.3752                                       6952.9209                         49.45424
              1       3490.5009       2.9086663       1.0020863      0.65572726     0.030010166      0.15034595      0.01866234      0.93194394       7003.4723      -11.235294       -11.235294       7003.4723                                       6957.0789                        46.393357
              1        3492.901       2.9086663       1.0020863      0.65572726     0.030010166      0.15034595      0.01866234      0.93284106       7008.2726      -11.235294       -11.235294       7008.2726                                       6963.5913                        44.681372
              2        3491.107       2.9086663       1.0020863      0.65572726     0.030010166      0.15034595      0.01866234      0.93223282       7004.6846      -11.235294       -11.235294       7004.6846                                       6958.8491                        45.835434
              1         3490.65       2.9086663       1.0020863      0.65572726     0.030010166      0.15034595      0.01866234      0.93202252       7003.7706      -11.235294       -11.235294       7003.7706                                       6957.5297                        46.240957
              7       3489.9715       2.9086663       1.0020863      0.65572726     0.030010166      0.15034595      0.01866234      0.93158692       7002.4136      -11.235294       -11.235294       7002.4136                                        6955.322                        47.091597
              6       3489.8812       2.9086663       1.0020863      0.65572726     0.030010166      0.15034595      0.01866234      0.93048178        7002.233      -11.235294       -11.235294        7002.233                                       6952.9183                        49.314685
              2       3490.1146       2.9086663       1.0020863      0.65572726     0.030010166      0.15034595      0.01866234      0.93170129       7002.6997      -11.235294       -11.235294       7002.6997                                       6955.8329                        46.866871
              1       3490.4451       2.9086663       1.0020863      0.65572726     0.030010166      0.15034595      0.01866234       0.9300726       7003.3608      -11.235294       -11.235294       7003.3608                                       6953.1992                        50.161562
              1       3489.6315       2.9086663       1.0020863      0.65572726     0.030010166      0.15034595      0.01866234      0.93101021       7001.7335      -11.235294       -11.235294       7001.7335                                       6953.4935                        48.240054
              1       3490.2479       2.9086663       1.0020863      0.65572726     0.030010166      0.15034595      0.01866234      0.93019141       7002.9665      -11.235294       -11.235294       7002.9665                                       6953.0521                        49.914324
              3       3492.4473       2.9086663       1.0020863      0.65572726     0.030010166      0.15034595      0.01866234      0.93270757       7007.3652      -11.235294       -11.235294       7007.3652                                        6962.433                        44.932256
              9       3489.9446       2.9086663       1.0020863      0.65572726     0.030010166      0.15034595      0.01866234      0.93156292       7002.3598      -11.235294       -11.235294       7002.3598                                       6955.2209                        47.138897
              1       3490.2511       2.9086663       1.0020863      0.65572726     0.030010166      0.15034595      0.01866234      0.93179541       7002.9728      -11.235294       -11.235294       7002.9728                                       6956.2901                        46.682659
              1       3492.5868       2.9086663       1.0020863      0.65572726     0.030010166      0.15034595      0.01866234      0.93274967       7007.6441      -11.235294       -11.235294       7007.6441                                       6962.7911                        44.852988
              4       3489.6551       2.9086663       1.0020863      0.65572726     0.030010166      0.15034595      0.01866234      0.93114937       7001.7808      -11.235294       -11.235294       7001.7808                                       6953.8202                        47.960609
              3       3490.1472       2.9086663       1.0020863      0.65572726     0.030010166      0.15034595      0.01866234      0.93025957        7002.765      -11.235294       -11.235294        7002.765                                        6952.992                        49.772992
              3       3489.7169       2.9086663       1.0020863      0.65572726     0.030010166      0.15034595      0.01866234      0.93129021       7001.9044      -11.235294       -11.235294       7001.9044                                       6954.2251                        47.679291
              9       3489.9842       2.9086663       1.0020863      0.65572726     0.030010166      0.15034595      0.01866234      0.93159795        7002.439      -11.235294       -11.235294        7002.439                                       6955.3691                        47.069896
              3        3489.685       2.9086663       1.0020863      0.65572726     0.030010166      0.15034595      0.01866234      0.93122808       7001.8405      -11.235294       -11.235294       7001.8405                                       6954.0373                        47.803211
              6       3489.6909       2.9086663       1.0020863      0.65572726     0.030010166      0.15034595      0.01866234      0.93124074       7001.8523      -11.235294       -11.235294       7001.8523                                       6954.0744                        47.777924
              2       3489.6918       2.9086663       1.0020863      0.65572726     0.030010166      0.15034595      0.01866234      0.93074025       7001.8542      -11.235294       -11.235294       7001.8542                                       6953.0678                        48.786381
              2       3490.3223       2.9086663       1.0020863      0.65572726     0.030010166      0.15034595      0.01866234      0.93014461       7003.1153      -11.235294       -11.235294       7003.1153                                       6953.1037                        50.011589
              1       3490.7585       2.9086663       1.0020863      0.65572726     0.030010166      0.15034595      0.01866234      0.92991039       7003.9875      -11.235294       -11.235294       7003.9875                                       6953.4867                        50.500855
              1       3491.4382       2.9086663       1.0020863      0.65572726     0.030010166      0.15034595      0.01866234       0.9296234        7005.347      -11.235294       -11.235294        7005.347                                       6954.2409                        51.106157
              8       3489.9498       2.9086663       1.0020863      0.65572726     0.030010166      0.15034595      0.01866234      0.93156766       7002.3703      -11.235294       -11.235294       7002.3703                                       6955.2407                        47.129556
             10        3489.648       2.9086663       1.0020863      0.65572726     0.030010166      0.15034595      0.01866234      0.93085884       7001.7666      -11.235294       -11.235294       7001.7666                                       6953.2209                          48.5457
             13       3489.7039       2.9086663       1.0020863      0.65572726     0.030010166      0.15034595      0.01866234      0.93071642       7001.8783      -11.235294       -11.235294       7001.8783                                       6953.0435                        48.834866
              1        3490.699       2.9086663       1.0020863      0.65572726     0.030010166      0.15034595      0.01866234      0.93204708       7003.8687      -11.235294       -11.235294       7003.8687                                       6957.6753                        46.193426
              4       3489.6548       2.9086663       1.0020863      0.65572726     0.030010166      0.15034595      0.01866234      0.93083446       7001.7802      -11.235294       -11.235294       7001.7802                                       6953.1851                        48.595074
              3       3491.1026       2.9086663       1.0020863      0.65572726     0.030010166      0.15034595      0.01866234       0.9297567       7004.6757      -11.235294       -11.235294       7004.6757                                       6953.8515                        50.824225
             10       3490.6663       2.9086663       1.0020863      0.65572726     0.030010166      0.15034595      0.01866234      0.92995547       7003.8031      -11.235294       -11.235294       7003.8031                                       6953.3967                        50.406369
              1       3489.8029       2.9086663       1.0020863      0.65572726     0.030010166      0.15034595      0.01866234      0.93141438       7002.0765      -11.235294       -11.235294       7002.0765                                       6954.6439                        47.432543
              1       3489.8331       2.9086663       1.0020863      0.65572726     0.030010166      0.15034595      0.01866234      0.93053338       7002.1367      -11.235294       -11.235294       7002.1367                                       6952.9279                        49.208812
              2       3490.2171       2.9086663       1.0020863      0.65572726     0.030010166      0.15034595      0.01866234      0.93021163       7002.9048      -11.235294       -11.235294       7002.9048                                       6953.0325                         49.87237
             13       3489.7338       2.9086663       1.0020863      0.65572726     0.030010166      0.15034595      0.01866234      0.93066472       7001.9382      -11.235294       -11.235294       7001.9382                                        6952.998                        48.940226
              3       3490.5979       2.9086663       1.0020863      0.65572726     0.030010166      0.15034595      0.01866234      0.92999018       7003.6665      -11.235294       -11.235294       7003.6665                                       6953.3328                        50.333714
              2       3491.2181       2.9086663       1.0020863      0.65572726     0.030010166      0.15034595      0.01866234      0.92970922       7004.9069      -11.235294       -11.235294       7004.9069                                       6953.9824                        50.924483
              3       3489.6409       2.9086663       1.0020863      0.65572726     0.030010166      0.15034595      0.01866234      0.93089056       7001.7524      -11.235294       -11.235294       7001.7524                                       6953.2709                         48.48149
              3       3490.6634       2.9086663       1.0020863      0.65572726     0.030010166      0.15034595      0.01866234      0.92995689       7003.7974      -11.235294       -11.235294       7003.7974                                        6953.394                        50.403397
              2         3490.55       2.9086663       1.0020863      0.65572726     0.030010166      0.15034595      0.01866234      0.93001529       7003.5705      -11.235294       -11.235294       7003.5705                                       6953.2893                        50.281212
              2       3489.6506       2.9086663       1.0020863      0.65572726     0.030010166      0.15034595      0.01866234      0.93113361       7001.7717      -11.235294       -11.235294       7001.7717                                       6953.7796                        47.992181
              1       3490.9849       2.9086663       1.0020863      0.65572726     0.030010166      0.15034595      0.01866234      0.92980697       7004.4405      -11.235294       -11.235294       7004.4405                                       6953.7222                        50.718241
              8       3489.7818       2.9086663       1.0020863      0.65572726     0.030010166      0.15034595      0.01866234      0.93138747       7002.0342      -11.235294       -11.235294       7002.0342                                       6954.5482                        47.485915
              5       3491.0862       2.9086663       1.0020863      0.65572726     0.030010166      0.15034595      0.01866234      0.92976357        7004.643      -11.235294       -11.235294        7004.643                                       6953.8333                        50.809727
              8       3491.1785       2.9086663       1.0020863      0.65572726     0.030010166      0.15034595      0.01866234      0.93226258       7004.8275      -11.235294       -11.235294       7004.8275                                       6959.0492                         45.77832
              2       3491.8198       2.9086663       1.0020863      0.65572726     0.030010166      0.15034595      0.01866234      0.92948621       7006.1102      -11.235294       -11.235294       7006.1102                                       6954.7125                        51.397755
              2       3490.6308       2.9086663       1.0020863      0.65572726     0.030010166      0.15034595      0.01866234      0.92997332       7003.7322      -11.235294       -11.235294       7003.7322                                       6953.3632                        50.368978
              3        3489.918       2.9086663       1.0020863      0.65572726     0.030010166      0.15034595      0.01866234      0.93153808       7002.3066      -11.235294       -11.235294       7002.3066                                       6955.1187                        47.187882
              4       3490.1182       2.9086663       1.0020863      0.65572726     0.030010166      0.15034595      0.01866234      0.93170392       7002.7069      -11.235294       -11.235294       7002.7069                                       6955.8452                        46.861707
              4       3489.6436       2.9086663       1.0020863      0.65572726     0.030010166      0.15034595      0.01866234      0.93110525       7001.7578      -11.235294       -11.235294       7001.7578                                       6953.7087                        48.049031
             14       3489.6423       2.9086663       1.0020863      0.65572726     0.030010166      0.15034595      0.01866234      0.93088363       7001.7552      -11.235294       -11.235294       7001.7552                                       6953.2596                        48.495513
              1       3489.6819       2.9086663       1.0020863      0.65572726     0.030010166      0.15034595      0.01866234      0.93122122       7001.8344      -11.235294       -11.235294       7001.8344                                       6954.0174                         47.81691
              4       3490.3007       2.9086663       1.0020863      0.65572726     0.030010166      0.15034595      0.01866234      0.93015796        7003.072      -11.235294       -11.235294        7003.072                                       6953.0881                        49.983838
              5        3490.225       2.9086663       1.0020863      0.65572726     0.030010166      0.15034595      0.01866234       0.9302064       7002.9206      -11.235294       -11.235294       7002.9206                                       6953.0374                        49.883211
              1       3489.7791       2.9086663       1.0020863      0.65572726     0.030010166      0.15034595      0.01866234      0.93059929       7002.0288      -11.235294       -11.235294       7002.0288                                       6952.9549                        49.073863
              2       3490.0533       2.9086663       1.0020863      0.65572726     0.030010166      0.15034595      0.01866234      0.93165474       7002.5772      -11.235294       -11.235294       7002.5772                                        6955.619                        46.958224
              8       3490.8241       2.9086663       1.0020863      0.65572726     0.030010166      0.15034595      0.01866234      0.93210727       7004.1187      -11.235294       -11.235294       7004.1187                                       6958.0416                        46.077131
              6       3490.1867       2.9086663       1.0020863      0.65572726     0.030010166      0.15034595      0.01866234      0.93023212        7002.844      -11.235294       -11.235294        7002.844                                       6953.0141                        49.829866
              9       3489.7533       2.9086663       1.0020863      0.65572726     0.030010166      0.15034595      0.01866234      0.93134807       7001.9772      -11.235294       -11.235294       7001.9772                                       6954.4131                        47.564164
              6       3491.8463       2.9086663       1.0020863      0.65572726     0.030010166      0.15034595      0.01866234        0.932513       7006.1633      -11.235294       -11.235294       7006.1633                                       6960.8629                        45.300354
              3       3490.9352       2.9086663       1.0020863      0.65572726     0.030010166      0.15034595      0.01866234      0.92982888       7004.3411      -11.235294       -11.235294       7004.3411                                       6953.6689                        50.672134
              1       3490.5072        2.907195       1.0005296      0.65447014     0.030000248       0.1504627     0.018027546      0.92958643       7003.4851      -11.235294       -11.235294       7003.4851                                       6952.4633                        51.021742
             20       3489.3073        2.907195       1.0005296      0.65447014     0.030000248       0.1504627     0.018027546      0.93059296       7001.0851      -11.235294       -11.235294       7001.0851                                         6952.16                        48.925092
              2        3490.223        2.907195       1.0005296      0.65447014     0.030000248       0.1504627     0.018027546      0.92972631       7002.9166      -11.235294       -11.235294       7002.9166                                       6952.1909                        50.725689
              5       3489.2953        2.907195       1.0005296      0.65447014     0.030000248       0.1504627     0.018027546      0.93068257       7001.0612      -11.235294       -11.235294       7001.0612                                        6952.319                        48.742218
              1       3492.4549        2.907195       1.0005296      0.65447014     0.030000248       0.1504627     0.018027546      0.93252486       7007.3805      -11.235294       -11.235294       7007.3805                                       6962.2624                        45.118088
              2       3489.6158        2.907195       1.0005296      0.65447014     0.030000248       0.1504627     0.018027546       0.9301299       7001.7022      -11.235294       -11.235294       7001.7022                                       6951.8222                        49.879975
              2       3492.7307        2.907195       1.0005296      0.65447014     0.030000248       0.1504627     0.018027546      0.92882293       7007.9319      -11.235294       -11.235294       7007.9319                                       6955.2675                        52.664438
              2       3489.3551        2.907195       1.0005296      0.65447014     0.030000248       0.1504627     0.018027546      0.93045668       7001.1808      -11.235294       -11.235294       7001.1808                                       6951.9764                        49.204403
              5       3489.4294        2.907195       1.0005296      0.65447014     0.030000248       0.1504627     0.018027546      0.93108143       7001.3294      -11.235294       -11.235294       7001.3294                                       6953.3937                        47.935667
              1       3489.3627        2.907195       1.0005296      0.65447014     0.030000248       0.1504627     0.018027546      0.93044131       7001.1961      -11.235294       -11.235294       7001.1961                                       6951.9601                        49.235993
             15       3489.3395        2.907195       1.0005296      0.65447014     0.030000248       0.1504627     0.018027546      0.93049142       7001.1496      -11.235294       -11.235294       7001.1496                                       6952.0165                        49.133067
              1       3489.3989        2.907195       1.0005296      0.65447014     0.030000248       0.1504627     0.018027546      0.93103639       7001.2685      -11.235294       -11.235294       7001.2685                                       6953.2423                        48.026135
              5       3489.4607        2.907195       1.0005296      0.65447014     0.030000248       0.1504627     0.018027546      0.93112266       7001.3919      -11.235294       -11.235294       7001.3919                                       6953.5389                        47.852986
              1       3489.4149        2.907195       1.0005296      0.65447014     0.030000248       0.1504627     0.018027546      0.93106064       7001.3003      -11.235294       -11.235294       7001.3003                                       6953.3229                        47.977397
              1       3489.5341        2.907195       1.0005296      0.65447014     0.030000248       0.1504627     0.018027546      0.93120628       7001.5387      -11.235294       -11.235294       7001.5387                                        6953.853                        47.685702
              4       3489.3945        2.907195       1.0005296      0.65447014     0.030000248       0.1504627     0.018027546       0.9310293       7001.2596      -11.235294       -11.235294       7001.2596                                       6953.2192                        48.040388
              1       3490.6597        2.907195       1.0005296      0.65447014     0.030000248       0.1504627     0.018027546      0.92951821       7003.7899      -11.235294       -11.235294       7003.7899                                       6952.6232                        51.166675
              1       3491.1797        2.907195       1.0005296      0.65447014     0.030000248       0.1504627     0.018027546      0.92931041       7004.8301      -11.235294       -11.235294       7004.8301                                       6953.2197                        51.610368
              8       3489.6748        2.907195       1.0005296      0.65447014     0.030000248       0.1504627     0.018027546       0.9313363       7001.8203      -11.235294       -11.235294       7001.8203                                       6954.3936                        47.426643
              1       3489.7106        2.907195       1.0005296      0.65447014     0.030000248       0.1504627     0.018027546      0.93136529       7001.8918      -11.235294       -11.235294       7001.8918                                       6954.5228                        47.369058
              1       3489.3079        2.907195       1.0005296      0.65447014     0.030000248       0.1504627     0.018027546      0.93082409       7001.0864      -11.235294       -11.235294       7001.0864                                       6952.6317                        48.454652
              7       3489.5176        2.907195       1.0005296      0.65447014     0.030000248       0.1504627     0.018027546      0.93022616       7001.5057      -11.235294       -11.235294       7001.5057                                       6951.8256                        49.680102
              3       3490.2456        2.907195       1.0005296      0.65447014     0.030000248       0.1504627     0.018027546      0.92971447       7002.9618      -11.235294       -11.235294       7002.9618                                       6952.2111                        50.750675
              1        3490.434        2.907195       1.0005296      0.65447014     0.030000248       0.1504627     0.018027546      0.93179725       7003.3387      -11.235294       -11.235294       7003.3387                                         6956.82                        46.518616
              2       3489.3226        2.907195       1.0005296      0.65447014     0.030000248       0.1504627     0.018027546      0.93053691       7001.1158      -11.235294       -11.235294       7001.1158                                        6952.076                        49.039803
              2       3489.5889        2.907195       1.0005296      0.65447014     0.030000248       0.1504627     0.018027546      0.93126051       7001.6483      -11.235294       -11.235294       7001.6483                                       6954.0708                        47.577498
              2       3489.3557        2.907195       1.0005296      0.65447014     0.030000248       0.1504627     0.018027546      0.93095901       7001.1821      -11.235294       -11.235294       7001.1821                                       6953.0002                         48.18191
              2       3489.7035        2.907195       1.0005296      0.65447014     0.030000248       0.1504627     0.018027546      0.93005594       7001.8775      -11.235294       -11.235294       7001.8775                                       6951.8435                        50.034015
             11       3489.4711        2.907195       1.0005296      0.65447014     0.030000248       0.1504627     0.018027546       0.9311356       7001.4129      -11.235294       -11.235294       7001.4129                                       6953.5858                        47.827049
              3       3489.3319        2.907195       1.0005296      0.65447014     0.030000248       0.1504627     0.018027546      0.93090374       7001.1344      -11.235294       -11.235294       7001.1344                                       6952.8409                        48.293479
              2       3489.7719        2.907195       1.0005296      0.65447014     0.030000248       0.1504627     0.018027546      0.93141217       7002.0144      -11.235294       -11.235294       7002.0144                                       6954.7383                        47.276068
              8       3489.3826        2.907195       1.0005296      0.65447014     0.030000248       0.1504627     0.018027546      0.93040508       7001.2357      -11.235294       -11.235294       7001.2357                                       6951.9252                         49.31053
              2       3489.3595        2.907195       1.0005296      0.65447014     0.030000248       0.1504627     0.018027546      0.93096665       7001.1896      -11.235294       -11.235294       7001.1896                                       6953.0231                        48.166512
              4       3489.5147        2.907195       1.0005296      0.65447014     0.030000248       0.1504627     0.018027546      0.93022928          7001.5      -11.235294       -11.235294          7001.5                                       6951.8263                        49.673638
              3       3489.9991        2.907195       1.0005296      0.65447014     0.030000248       0.1504627     0.018027546      0.93156397       7002.4689      -11.235294       -11.235294       7002.4689                                       6955.4927                        46.976137
              4       3490.0805        2.907195       1.0005296      0.65447014     0.030000248       0.1504627     0.018027546      0.93161218       7002.6316      -11.235294       -11.235294       7002.6316                                       6955.7504                        46.881241
              3        3489.917        2.907195       1.0005296      0.65447014     0.030000248       0.1504627     0.018027546      0.93151237       7002.3045      -11.235294       -11.235294       7002.3045                                       6955.2266                        47.077897
              1       3489.3619        2.907195       1.0005296      0.65447014     0.030000248       0.1504627     0.018027546      0.93097137       7001.1943      -11.235294       -11.235294       7001.1943                                       6953.0373                        48.157003
              4       3489.3239        2.907195       1.0005296      0.65447014     0.030000248       0.1504627     0.018027546      0.93088139       7001.1185      -11.235294       -11.235294       7001.1185                                       6952.7798                        48.338649
              1       3489.3025        2.907195       1.0005296      0.65447014     0.030000248       0.1504627     0.018027546      0.93061722       7001.0756      -11.235294       -11.235294       7001.0756                                       6952.2001                        48.875514
             12       3489.3867        2.907195       1.0005296      0.65447014     0.030000248       0.1504627     0.018027546      0.93039806        7001.244      -11.235294       -11.235294        7001.244                                        6951.919                        49.324983
              3        3490.062        2.907195       1.0005296      0.65447014     0.030000248       0.1504627     0.018027546      0.92981531       7002.5945      -11.235294       -11.235294       7002.5945                                       6952.0564                         50.53809
              2       3489.3854        2.907195       1.0005296      0.65447014     0.030000248       0.1504627     0.018027546      0.93101426       7001.2414      -11.235294       -11.235294       7001.2414                                       6953.1708                        48.070627
              3       3489.4399        2.907195       1.0005296      0.65447014     0.030000248       0.1504627     0.018027546      0.93109579       7001.3504      -11.235294       -11.235294       7001.3504                                       6953.4435                        47.906855
              3       3491.4278        2.907195       1.0005296      0.65447014     0.030000248       0.1504627     0.018027546      0.92922155       7005.3263      -11.235294       -11.235294       7005.3263                                       6953.5252                        51.801123
             13       3489.3079        2.907195       1.0005296      0.65447014     0.030000248       0.1504627     0.018027546      0.93082422       7001.0864      -11.235294       -11.235294       7001.0864                                       6952.6321                        48.454383
              3       3489.5362        2.907195       1.0005296      0.65447014     0.030000248       0.1504627     0.018027546      0.93020643       7001.5431      -11.235294       -11.235294       7001.5431                                       6951.8221                        49.721023
              8        3489.382        2.907195       1.0005296      0.65447014     0.030000248       0.1504627     0.018027546      0.93040603       7001.2346      -11.235294       -11.235294       7001.2346                                        6951.926                         49.30857
              1       3489.7835        2.907195       1.0005296      0.65447014     0.030000248       0.1504627     0.018027546      0.92999507       7002.0377      -11.235294       -11.235294       7002.0377                                       6951.8766                        50.161093
              1       3489.4168        2.907195       1.0005296      0.65447014     0.030000248       0.1504627     0.018027546      0.93035103       7001.3042      -11.235294       -11.235294       7001.3042                                       6951.8823                        49.421919
              1       3495.4078        2.907195       1.0005296      0.65447014     0.030000248       0.1504627     0.018027546      0.92819645       7013.2861      -11.235294       -11.235294       7013.2861                                       6959.2399                        54.046267
              2        3491.052        2.907195       1.0005296      0.65447014     0.030000248       0.1504627     0.018027546      0.92935848       7004.5745      -11.235294       -11.235294       7004.5745                                       6953.0671                        51.507441
              2       3489.5192        2.907195       1.0005296      0.65447014     0.030000248       0.1504627     0.018027546      0.93022441        7001.509      -11.235294       -11.235294        7001.509                                       6951.8252                        49.683742
              1       3489.3445        2.907195       1.0005296      0.65447014     0.030000248       0.1504627     0.018027546       0.9304797       7001.1596      -11.235294       -11.235294       7001.1596                                       6952.0025                        49.157123
              1       3489.4306        2.907195       1.0005296      0.65447014     0.030000248       0.1504627     0.018027546      0.93108311       7001.3318      -11.235294       -11.235294       7001.3318                                       6953.3995                        47.932298
              7       3489.4006        2.907195       1.0005296      0.65447014     0.030000248       0.1504627     0.018027546      0.93103895       7001.2717      -11.235294       -11.235294       7001.2717                                       6953.2507                         48.02099
              2       3489.8562        2.907195       1.0005296      0.65447014     0.030000248       0.1504627     0.018027546        0.931472        7002.183      -11.235294       -11.235294        7002.183                                       6955.0254                        47.157642
              3       3489.3616        2.907195       1.0005296      0.65447014     0.030000248       0.1504627     0.018027546      0.93097092       7001.1939      -11.235294       -11.235294       7001.1939                                        6953.036                        48.157915
              3       3489.4617        2.907195       1.0005296      0.65447014     0.030000248       0.1504627     0.018027546      0.93029079       7001.3939      -11.235294       -11.235294       7001.3939                                       6951.8476                        49.546325
              1       3490.0345        2.907195       1.0005296      0.65447014     0.030000248       0.1504627     0.018027546      0.93158522       7002.5395      -11.235294       -11.235294       7002.5395                                       6955.6052                        46.934296
              4       3490.1497        2.907195       1.0005296      0.65447014     0.030000248       0.1504627     0.018027546      0.92976577         7002.77      -11.235294       -11.235294         7002.77                                       6952.1276                        50.642426
              5       3489.4154        2.907195       1.0005296      0.65447014     0.030000248       0.1504627     0.018027546       0.9303531       7001.3014      -11.235294       -11.235294       7001.3014                                       6951.8838                        49.417647
              3       3489.7208        2.907195       1.0005296      0.65447014     0.030000248       0.1504627     0.018027546      0.93137332       7001.9122      -11.235294       -11.235294       7001.9122                                       6954.5591                        47.353124
              1       3489.3022        2.907195       1.0005296      0.65447014     0.030000248       0.1504627     0.018027546      0.93079545       7001.0751      -11.235294       -11.235294       7001.0751                                       6952.5623                        48.512726
              4       3489.4369        2.907195       1.0005296      0.65447014     0.030000248       0.1504627     0.018027546      0.93109176       7001.3444      -11.235294       -11.235294       7001.3444                                       6953.4295                        47.914923
              1       3489.4409        2.907195       1.0005296      0.65447014     0.030000248       0.1504627     0.018027546      0.93031749       7001.3524      -11.235294       -11.235294       7001.3524                                       6951.8613                        49.491141
              2       3489.8633        2.907195       1.0005296      0.65447014     0.030000248       0.1504627     0.018027546      0.92993924       7002.1972      -11.235294       -11.235294       7002.1972                                       6951.9193                        50.277928
              6       3489.6595        2.907195       1.0005296      0.65447014     0.030000248       0.1504627     0.018027546      0.93009187       7001.7897      -11.235294       -11.235294       7001.7897                                       6951.8306                        49.959113
              1       3489.6329        2.907195       1.0005296      0.65447014     0.030000248       0.1504627     0.018027546      0.93130058       7001.7365      -11.235294       -11.235294       7001.7365                                       6954.2388                        47.497693
              2        3489.792        2.907195       1.0005296      0.65447014     0.030000248       0.1504627     0.018027546      0.93142684       7002.0545      -11.235294       -11.235294       7002.0545                                       6954.8075                        47.247007
              1       3491.0197        2.907195       1.0005296      0.65447014     0.030000248       0.1504627     0.018027546      0.93204903       7004.5099      -11.235294       -11.235294       7004.5099                                       6958.4805                        46.029441
              8       3489.5118        2.907195       1.0005296      0.65447014     0.030000248       0.1504627     0.018027546      0.93023244       7001.4942      -11.235294       -11.235294       7001.4942                                       6951.8271                        49.667095
              8        3489.577        2.907195       1.0005296      0.65447014     0.030000248       0.1504627     0.018027546      0.93016591       7001.6245      -11.235294       -11.235294       7001.6245                                       6951.8194                        49.805117
              1       3489.2968        2.907195       1.0005296      0.65447014     0.030000248       0.1504627     0.018027546      0.93075334       7001.0642      -11.235294       -11.235294       7001.0642                                       6952.4659                        48.598224
              2       3489.4882        2.907195       1.0005296      0.65447014     0.030000248       0.1504627     0.018027546      0.93025893        7001.447      -11.235294       -11.235294        7001.447                                       6951.8348                        49.612244
              1       3491.0154        2.907195       1.0005296      0.65447014     0.030000248       0.1504627     0.018027546      0.93204736       7004.5014      -11.235294       -11.235294       7004.5014                                       6958.4687                        46.032673
              4       3489.3318        2.907195       1.0005296      0.65447014     0.030000248       0.1504627     0.018027546       0.9305108       7001.1342      -11.235294       -11.235294       7001.1342                                       6952.0409                        49.093315
              2       3489.4336        2.907195       1.0005296      0.65447014     0.030000248       0.1504627     0.018027546      0.93108724       7001.3378      -11.235294       -11.235294       7001.3378                                       6953.4138                        47.924007
              5       3490.0357        2.907195       1.0005296      0.65447014     0.030000248       0.1504627     0.018027546      0.92983067        7002.542      -11.235294       -11.235294        7002.542                                       6952.0362                        50.505782
              4       3490.0769        2.907195       1.0005296      0.65447014     0.030000248       0.1504627     0.018027546      0.93161011       7002.6245      -11.235294       -11.235294       7002.6245                                       6955.7391                        46.885312
              4       3489.9462        2.907195       1.0005296      0.65447014     0.030000248       0.1504627     0.018027546      0.93153111        7002.363      -11.235294       -11.235294        7002.363                                       6955.3221                        47.040919
              2       3489.3176        2.907195       1.0005296      0.65447014     0.030000248       0.1504627     0.018027546      0.93055299       7001.1058      -11.235294       -11.235294       7001.1058                                       6952.0989                        49.006856
              2       3489.4632        2.907195       1.0005296      0.65447014     0.030000248       0.1504627     0.018027546       0.9311258       7001.3969      -11.235294       -11.235294       7001.3969                                       6953.5503                        47.846683
              3       3489.4382        2.907195       1.0005296      0.65447014     0.030000248       0.1504627     0.018027546      0.93032113        7001.347      -11.235294       -11.235294        7001.347                                       6951.8634                        49.483637
              9        3489.301        2.907195       1.0005296      0.65447014     0.030000248       0.1504627     0.018027546      0.93078781       7001.0726      -11.235294       -11.235294       7001.0726                                       6952.5444                        48.528228
              1       3489.2961        2.907195       1.0005296      0.65447014     0.030000248       0.1504627     0.018027546      0.93066964       7001.0627      -11.235294       -11.235294       7001.0627                                       6952.2942                        48.768573
              1       3489.3325        2.907195       1.0005296      0.65447014     0.030000248       0.1504627     0.018027546        0.930509       7001.1356      -11.235294       -11.235294       7001.1356                                       6952.0386                         49.09701
              4        3489.717        2.907195       1.0005296      0.65447014     0.030000248       0.1504627     0.018027546      0.93004526       7001.9046      -11.235294       -11.235294       7001.9046                                       6951.8483                        50.056294
             10       3489.2949        2.907195       1.0005296      0.65447014     0.030000248       0.1504627     0.018027546      0.93071996       7001.0604      -11.235294       -11.235294       7001.0604                                       6952.3943                        48.666086
              5       3489.5442        2.907195       1.0005296      0.65447014     0.030000248       0.1504627     0.018027546      0.93121676        7001.559      -11.235294       -11.235294        7001.559                                       6953.8943                        47.664765
              4        3489.418        2.907195       1.0005296      0.65447014     0.030000248       0.1504627     0.018027546      0.93034929       7001.3066      -11.235294       -11.235294       7001.3066                                       6951.8811                        49.425505
              1       3489.3175        2.907195       1.0005296      0.65447014     0.030000248       0.1504627     0.018027546      0.93055325       7001.1056      -11.235294       -11.235294       7001.1056                                       6952.0993                        49.006343
              2       3490.6937        2.907195       1.0005296      0.65447014     0.030000248       0.1504627     0.018027546      0.93191535        7003.858      -11.235294       -11.235294        7003.858                                       6957.5695                        46.288569
              5       3491.5576        2.907195       1.0005296      0.65447014     0.030000248       0.1504627     0.018027546      0.92917714       7005.5859      -11.235294       -11.235294       7005.5859                                       6953.6892                        51.896705
              7       3489.4206        2.907195       1.0005296      0.65447014     0.030000248       0.1504627     0.018027546      0.93034562       7001.3117      -11.235294       -11.235294       7001.3117                                       6951.8786                        49.433088
              2       3489.7941        2.907195       1.0005296      0.65447014     0.030000248       0.1504627     0.018027546      0.93142839       7002.0588      -11.235294       -11.235294       7002.0588                                       6954.8148                        47.243939
              3       3490.4973        2.907195       1.0005296      0.65447014     0.030000248       0.1504627     0.018027546      0.92959101       7003.4652      -11.235294       -11.235294       7003.4652                                       6952.4532                        51.012005
              2        3489.583        2.907195       1.0005296      0.65447014     0.030000248       0.1504627     0.018027546      0.93016011       7001.6367      -11.235294       -11.235294       7001.6367                                       6951.8195                         49.81717
              1       3489.4094        2.907195       1.0005296      0.65447014     0.030000248       0.1504627     0.018027546      0.93105247       7001.2893      -11.235294       -11.235294       7001.2893                                       6953.2955                        47.993808
              3       3489.3321        2.907195       1.0005296      0.65447014     0.030000248       0.1504627     0.018027546      0.93090412       7001.1347      -11.235294       -11.235294       7001.1347                                        6952.842                        48.292694
              2       3490.4136        2.907195       1.0005296      0.65447014     0.030000248       0.1504627     0.018027546      0.93178739       7003.2977      -11.235294       -11.235294       7003.2977                                       6956.7599                        46.537862
              1       3489.3593        2.907195       1.0005296      0.65447014     0.030000248       0.1504627     0.018027546       0.9304482       7001.1891      -11.235294       -11.235294       7001.1891                                       6951.9673                        49.221837
              1        3489.296        2.907195       1.0005296      0.65447014     0.030000248       0.1504627     0.018027546      0.93067121       7001.0625      -11.235294       -11.235294       7001.0625                                       6952.2972                        48.765355
              6       3489.6684        2.907195       1.0005296      0.65447014     0.030000248       0.1504627     0.018027546      0.93133096       7001.8074      -11.235294       -11.235294       7001.8074                                       6954.3702                         47.43726
              4       3489.3322        2.907195       1.0005296      0.65447014     0.030000248       0.1504627     0.018027546      0.93050987       7001.1349      -11.235294       -11.235294       7001.1349                                       6952.0397                        49.095228
              1       3489.3558        2.907195       1.0005296      0.65447014     0.030000248       0.1504627     0.018027546      0.93045521       7001.1822      -11.235294       -11.235294       7001.1822                                       6951.9748                        49.207429
              4       3489.5187        2.907195       1.0005296      0.65447014     0.030000248       0.1504627     0.018027546      0.93022495        7001.508      -11.235294       -11.235294        7001.508                                       6951.8254                        49.682622
              2       3489.5706        2.907195       1.0005296      0.65447014     0.030000248       0.1504627     0.018027546        0.930172       7001.6119      -11.235294       -11.235294       7001.6119                                       6951.8194                        49.792476
              3       3489.4624        2.907195       1.0005296      0.65447014     0.030000248       0.1504627     0.018027546      0.93112481       7001.3953      -11.235294       -11.235294       7001.3953                                       6953.5467                        47.848665
              1       3490.9666        2.907195       1.0005296      0.65447014     0.030000248       0.1504627     0.018027546      0.92939155       7004.4039      -11.235294       -11.235294       7004.4039                                       6952.9672                        51.436714
              2       3490.1417        2.907195       1.0005296      0.65447014     0.030000248       0.1504627     0.018027546      0.93164682        7002.754      -11.235294       -11.235294        7002.754                                       6955.9409                        46.813169
              2       3490.2189        2.907195       1.0005296      0.65447014     0.030000248       0.1504627     0.018027546      0.92972849       7002.9084      -11.235294       -11.235294       7002.9084                                       6952.1873                        50.721077
              2       3490.0404        2.907195       1.0005296      0.65447014     0.030000248       0.1504627     0.018027546      0.92982791       7002.5514      -11.235294       -11.235294       7002.5514                                       6952.0398                        50.511593
              1       3489.5524        2.907195       1.0005296      0.65447014     0.030000248       0.1504627     0.018027546      0.93018995       7001.5754      -11.235294       -11.235294       7001.5754                                       6951.8202                        49.755213
              1       3489.2947        2.907195       1.0005296      0.65447014     0.030000248       0.1504627     0.018027546      0.93070931       7001.0601      -11.235294       -11.235294       7001.0601                                       6952.3723                        48.687754
              4       3489.3191        2.907195       1.0005296      0.65447014     0.030000248       0.1504627     0.018027546      0.93054798       7001.1088      -11.235294       -11.235294       7001.1088                                       6952.0916                        49.017127
              1       3490.4991        2.907195       1.0005296      0.65447014     0.030000248       0.1504627     0.018027546       0.9295902       7003.4687      -11.235294       -11.235294       7003.4687                                        6952.455                        51.013728
              3       3490.7361        2.907195       1.0005296      0.65447014     0.030000248       0.1504627     0.018027546      0.92948544       7003.9428      -11.235294       -11.235294       7003.9428                                       6952.7063                        51.236424
             18        3489.296        2.907195       1.0005296      0.65447014     0.030000248       0.1504627     0.018027546      0.93074271       7001.0625      -11.235294       -11.235294       7001.0625                                       6952.4427                        48.619824
              2       3489.4718        2.907195       1.0005296      0.65447014     0.030000248       0.1504627     0.018027546      0.93027837       7001.4141      -11.235294       -11.235294       7001.4141                                       6951.8421                        49.572007
              2       3489.7884        2.907195       1.0005296      0.65447014     0.030000248       0.1504627     0.018027546      0.92999157       7002.0473      -11.235294       -11.235294       7002.0473                                       6951.8789                         50.16841
              1       3489.5747        2.907195       1.0005296      0.65447014     0.030000248       0.1504627     0.018027546       0.9301681       7001.6199      -11.235294       -11.235294       7001.6199                                       6951.8194                        49.800568
              5          3491.1        2.907195       1.0005296      0.65447014     0.030000248       0.1504627     0.018027546         0.93208       7004.6706      -11.235294       -11.235294       7004.6706                                        6958.701                        45.969607
              2       3491.1273        2.907195       1.0005296      0.65447014     0.030000248       0.1504627     0.018027546      0.93209036       7004.7252      -11.235294       -11.235294       7004.7252                                       6958.7756                        45.949615
              1        3491.075        2.907195       1.0005296      0.65447014     0.030000248       0.1504627     0.018027546      0.93207044       7004.6206      -11.235294       -11.235294       7004.6206                                       6958.6325                        45.988085
              2       3489.9837        2.907195       1.0005296      0.65447014     0.030000248       0.1504627     0.018027546      0.92986193       7002.4381      -11.235294       -11.235294       7002.4381                                        6951.998                        50.440095
              6       3489.6122        2.907195       1.0005296      0.65447014     0.030000248       0.1504627     0.018027546      0.93128204       7001.6949      -11.235294       -11.235294       7001.6949                                       6954.1603                        47.534587
              2       3490.2462        2.907195       1.0005296      0.65447014     0.030000248       0.1504627     0.018027546      0.93170318        7002.963      -11.235294       -11.235294        7002.963                                       6956.2604                        46.702607
              3       3490.5687        2.907195       1.0005296      0.65447014     0.030000248       0.1504627     0.018027546      0.93185998       7003.6079      -11.235294       -11.235294       7003.6079                                       6957.2116                        46.396294
              3       3489.7849        2.907195       1.0005296      0.65447014     0.030000248       0.1504627     0.018027546      0.92999409       7002.0404      -11.235294       -11.235294       7002.0404                                       6951.8772                        50.163146
             13       3491.2255        2.907195       1.0005296      0.65447014     0.030000248       0.1504627     0.018027546      0.93212704       7004.9217      -11.235294       -11.235294       7004.9217                                       6959.0428                        45.878867
              7       3489.3265        2.907195       1.0005296      0.65447014     0.030000248       0.1504627     0.018027546      0.93052543       7001.1236      -11.235294       -11.235294       7001.1236                                       6952.0602                        49.063324
              1       3489.3761        2.907195       1.0005296      0.65447014     0.030000248       0.1504627     0.018027546      0.93041641       7001.2228      -11.235294       -11.235294       7001.2228                                       6951.9355                        49.287208
             11       3489.2981        2.907195       1.0005296      0.65447014     0.030000248       0.1504627     0.018027546      0.93076655       7001.0669      -11.235294       -11.235294       7001.0669                                       6952.4955                        48.571391
              1       3490.8309        2.907195       1.0005296      0.65447014     0.030000248       0.1504627     0.018027546      0.92944598       7004.1324      -11.235294       -11.235294       7004.1324                                       6952.8119                        51.320511
              2       3489.3194        2.907195       1.0005296      0.65447014     0.030000248       0.1504627     0.018027546       0.9308671       7001.1093      -11.235294       -11.235294       7001.1093                                       6952.7417                        48.367547
             21       3489.3282        2.907195       1.0005296      0.65447014     0.030000248       0.1504627     0.018027546       0.9308937        7001.127      -11.235294       -11.235294        7001.127                                       6952.8133                        48.313764
              4       3489.3306        2.907195       1.0005296      0.65447014     0.030000248       0.1504627     0.018027546      0.93090019       7001.1318      -11.235294       -11.235294       7001.1318                                       6952.8311                        48.300646
              9       3489.4045        2.907195       1.0005296      0.65447014     0.030000248       0.1504627     0.018027546       0.9310451       7001.2796      -11.235294       -11.235294       7001.2796                                        6953.271                        48.008627
              7       3489.3046        2.907195       1.0005296      0.65447014     0.030000248       0.1504627     0.018027546      0.93080818       7001.0797      -11.235294       -11.235294       7001.0797                                       6952.5928                        48.486891
              6        3489.974        2.907195       1.0005296      0.65447014     0.030000248       0.1504627     0.018027546      0.92986794       7002.4185      -11.235294       -11.235294       7002.4185                                        6951.991                         50.42747
              4       3491.1937        2.907195       1.0005296      0.65447014     0.030000248       0.1504627     0.018027546      0.93211526        7004.858      -11.235294       -11.235294        7004.858                                       6958.9565                         45.90157
              2       3489.7163        2.907195       1.0005296      0.65447014     0.030000248       0.1504627     0.018027546      0.93004576       7001.9033      -11.235294       -11.235294       7001.9033                                        6951.848                        50.055237
              7       3489.3428        2.907195       1.0005296      0.65447014     0.030000248       0.1504627     0.018027546      0.93093077       7001.1563      -11.235294       -11.235294       7001.1563                                       6952.9174                        48.238896
              5       3489.2964        2.907195       1.0005296      0.65447014     0.030000248       0.1504627     0.018027546      0.93066509       7001.0634      -11.235294       -11.235294       7001.0634                                       6952.2856                        48.777833
              5       3491.0434        2.907195       1.0005296      0.65447014     0.030000248       0.1504627     0.018027546      0.93205827       7004.5575      -11.235294       -11.235294       7004.5575                                       6958.5459                        46.011589
              1       3489.2987        2.907195       1.0005296      0.65447014     0.030000248       0.1504627     0.018027546      0.93077102       7001.0679      -11.235294       -11.235294       7001.0679                                       6952.5056                        48.562296
              3       3489.3534        2.907195       1.0005296      0.65447014     0.030000248       0.1504627     0.018027546      0.93046027       7001.1773      -11.235294       -11.235294       7001.1773                                       6951.9803                        49.197022
              5       3489.9673        2.907195       1.0005296      0.65447014     0.030000248       0.1504627     0.018027546      0.92987206       7002.4052      -11.235294       -11.235294       7002.4052                                       6951.9864                        50.418808
              4       3489.4734        2.907195       1.0005296      0.65447014     0.030000248       0.1504627     0.018027546      0.93027641       7001.4174      -11.235294       -11.235294       7001.4174                                       6951.8413                        49.576065
             13        3489.524        2.907195       1.0005296      0.65447014     0.030000248       0.1504627     0.018027546      0.93021926       7001.5186      -11.235294       -11.235294       7001.5186                                       6951.8242                        49.694405
              7       3490.5816        2.907195       1.0005296      0.65447014     0.030000248       0.1504627     0.018027546      0.93186583       7003.6338      -11.235294       -11.235294       7003.6338                                       6957.2489                        46.384906
              4       3489.7424        2.907195       1.0005296      0.65447014     0.030000248       0.1504627     0.018027546      0.93002563       7001.9555      -11.235294       -11.235294       7001.9555                                       6951.8582                        50.097264
              2       3490.3252        2.907195       1.0005296      0.65447014     0.030000248       0.1504627     0.018027546      0.93174379        7003.121      -11.235294       -11.235294        7003.121                                       6956.4979                        46.623093
              8       3489.4099        2.907195       1.0005296      0.65447014     0.030000248       0.1504627     0.018027546      0.93105328       7001.2904      -11.235294       -11.235294       7001.2904                                       6953.2982                        47.992181
              1       3489.4263        2.907195       1.0005296      0.65447014     0.030000248       0.1504627     0.018027546      0.93107713       7001.3232      -11.235294       -11.235294       7001.3232                                       6953.3789                        47.944288
              2       3491.1476        2.907195       1.0005296      0.65447014     0.030000248       0.1504627     0.018027546      0.92932234       7004.7658      -11.235294       -11.235294       7004.7658                                        6953.181                         51.58481
              5       3491.0631        2.907195       1.0005296      0.65447014     0.030000248       0.1504627     0.018027546      0.93206586       7004.5968      -11.235294       -11.235294       7004.5968                                       6958.5998                        45.996931
              1       3490.1784        2.907195       1.0005296      0.65447014     0.030000248       0.1504627     0.018027546      0.93166697       7002.8273      -11.235294       -11.235294       7002.8273                                       6956.0537                        46.773616
              4       3491.2488        2.907195       1.0005296      0.65447014     0.030000248       0.1504627     0.018027546      0.92928511       7004.9682      -11.235294       -11.235294       7004.9682                                       6953.3036                        51.664625
              3       3491.1381        2.907195       1.0005296      0.65447014     0.030000248       0.1504627     0.018027546      0.93209445       7004.7468      -11.235294       -11.235294       7004.7468                                       6958.8051                        45.941722
              2        3491.387        2.907195       1.0005296      0.65447014     0.030000248       0.1504627     0.018027546      0.93218534       7005.2445      -11.235294       -11.235294       7005.2445                                       6959.4779                        45.766625
              9       3490.1891        2.907195       1.0005296      0.65447014     0.030000248       0.1504627     0.018027546      0.93167277       7002.8487      -11.235294       -11.235294       7002.8487                                       6956.0865                        46.762238
              1          3489.3        2.907195       1.0005296      0.65447014     0.030000248       0.1504627     0.018027546      0.93078076       7001.0705      -11.235294       -11.235294       7001.0705                                        6952.528                        48.542522
              3       3489.2996        2.907195       1.0005296      0.65447014     0.030000248       0.1504627     0.018027546      0.93063595       7001.0698      -11.235294       -11.235294       7001.0698                                       6952.2325                        48.837276
              2       3489.7959        2.907195       1.0005296      0.65447014     0.030000248       0.1504627     0.018027546      0.92998616       7002.0623      -11.235294       -11.235294       7002.0623                                       6951.8826                         50.17972
              5       3489.4052        2.907195       1.0005296      0.65447014     0.030000248       0.1504627     0.018027546      0.93036838        7001.281      -11.235294       -11.235294        7001.281                                       6951.8949                        49.386138
             10       3490.1049        2.907195       1.0005296      0.65447014     0.030000248       0.1504627     0.018027546      0.92979072       7002.6804      -11.235294       -11.235294       7002.6804                                       6952.0906                        50.589874
              1       3489.3694        2.907195       1.0005296      0.65447014     0.030000248       0.1504627     0.018027546      0.93098571       7001.2093      -11.235294       -11.235294       7001.2093                                       6953.0812                        48.128112
              8       3489.8142        2.907195       1.0005296      0.65447014     0.030000248       0.1504627     0.018027546      0.93144276       7002.0989      -11.235294       -11.235294       7002.0989                                       6954.8834                        47.215492
             13       3489.8057        2.907195       1.0005296      0.65447014     0.030000248       0.1504627     0.018027546      0.93143673        7002.082      -11.235294       -11.235294        7002.082                                       6954.8545                        47.227431
              1       3489.5976        2.907195       1.0005296      0.65447014     0.030000248       0.1504627     0.018027546      0.93126871       7001.6658      -11.235294       -11.235294       7001.6658                                       6954.1047                        47.561145
              4       3489.5335        2.907195       1.0005296      0.65447014     0.030000248       0.1504627     0.018027546      0.93120562       7001.5375      -11.235294       -11.235294       7001.5375                                       6953.8505                        47.687006
              8       3489.5044        2.907195       1.0005296      0.65447014     0.030000248       0.1504627     0.018027546      0.93117425       7001.4793      -11.235294       -11.235294       7001.4793                                       6953.7296                         47.74971
              1       3489.4095       2.9071962       1.0005289      0.65446861     0.030000302      0.15046349     0.018028148      0.93117406       7001.2896      -11.235294       -11.235294       7001.2896                                       6953.5312                        47.758376
              6       3490.2737       2.9071962       1.0005289      0.65446861     0.030000302      0.15046349     0.018028148        0.929653        7003.018      -11.235294       -11.235294        7003.018                                       6952.1288                        50.889162
              2       3489.4018       2.9071962       1.0005289      0.65446861     0.030000302      0.15046349     0.018028148      0.93025023       7001.2742      -11.235294       -11.235294       7001.2742                                       6951.6355                        49.638666
              5       3490.9601       2.9071962       1.0005289      0.65446861     0.030000302      0.15046349     0.018028148      0.93206289       7004.3907      -11.235294       -11.235294       7004.3907                                       6958.3799                        46.010794
              3       3490.2371       2.9071962       1.0005289      0.65446861     0.030000302      0.15046349     0.018028148      0.93174731       7002.9448      -11.235294       -11.235294       7002.9448                                       6956.3204                        46.624409
              4       3489.8566       2.9071962       1.0005289      0.65446861     0.030000302      0.15046349     0.018028148      0.93153448       7002.1838      -11.235294       -11.235294       7002.1838                                       6955.1413                        47.042493
              1       3489.3118       2.9071962       1.0005289      0.65446861     0.030000302      0.15046349     0.018028148      0.93036739       7001.0941      -11.235294       -11.235294       7001.0941                                       6951.6976                        49.396588
              1       3489.6745       2.9071962       1.0005289      0.65446861     0.030000302      0.15046349     0.018028148      0.93141027       7001.8196      -11.235294       -11.235294       7001.8196                                       6954.5315                        47.288084
              7       3489.2012       2.9071962       1.0005289      0.65446861     0.030000302      0.15046349     0.018028148      0.93073719       7000.8731      -11.235294       -11.235294       7000.8731                                       6952.2337                        48.639383
             12       3489.4284       2.9071962       1.0005289      0.65446861     0.030000302      0.15046349     0.018028148      0.93119469       7001.3274      -11.235294       -11.235294       7001.3274                                       6953.6103                        47.717133
             11       3489.6214       2.9071962       1.0005289      0.65446861     0.030000302      0.15046349     0.018028148      0.93004664       7001.7134      -11.235294       -11.235294       7001.7134                                       6951.6515                        50.061852
             12       3489.7162       2.9071962       1.0005289      0.65446861     0.030000302      0.15046349     0.018028148      0.93144057        7001.903      -11.235294       -11.235294        7001.903                                       6954.6749                        47.228057
              9       3489.2413       2.9071962       1.0005289      0.65446861     0.030000302      0.15046349     0.018028148      0.93091383       7000.9533      -11.235294       -11.235294       7000.9533                                       6952.6719                        48.281399
              2       3489.2612       2.9071962       1.0005289      0.65446861     0.030000302      0.15046349     0.018028148      0.93045612        7000.993      -11.235294       -11.235294        7000.993                                       6951.7791                        49.213945
              2       3489.8102       2.9071962       1.0005289      0.65446861     0.030000302      0.15046349     0.018028148      0.92991234       7002.0909      -11.235294       -11.235294       7002.0909                                       6951.7481                        50.342767
              2       3490.6941       2.9071962       1.0005289      0.65446861     0.030000302      0.15046349     0.018028148      0.92946387       7003.8589      -11.235294       -11.235294       7003.8589                                        6952.568                        51.290927
              4       3492.0129       2.9071962       1.0005289      0.65446861     0.030000302      0.15046349     0.018028148       0.9290023       7006.4964      -11.235294       -11.235294       7006.4964                                       6954.2134                         52.28305
              2       3489.6216       2.9071962       1.0005289      0.65446861     0.030000302      0.15046349     0.018028148       0.9313699       7001.7139      -11.235294       -11.235294       7001.7139                                       6954.3457                        47.368165
              5       3489.2116       2.9071962       1.0005289      0.65446861     0.030000302      0.15046349     0.018028148      0.93081522       7000.8937      -11.235294       -11.235294       7000.8937                                       6952.4127                        48.480965
              1        3490.242       2.9071962       1.0005289      0.65446861     0.030000302      0.15046349     0.018028148      0.92966868       7002.9545      -11.235294       -11.235294       7002.9545                                       6952.0985                         50.85598
              3       3489.2004       2.9071962       1.0005289      0.65446861     0.030000302      0.15046349     0.018028148      0.93071034       7000.8714      -11.235294       -11.235294       7000.8714                                       6952.1774                        48.694017
              1        3489.474       2.9071962       1.0005289      0.65446861     0.030000302      0.15046349     0.018028148      0.93017459       7001.4187      -11.235294       -11.235294       7001.4187                                       6951.6231                        49.795529
              5       3489.3516       2.9071962       1.0005289      0.65446861     0.030000302      0.15046349     0.018028148      0.93110424       7001.1739      -11.235294       -11.235294       7001.1739                                       6953.2757                        47.898199
              2       3491.6657       2.9071962       1.0005289      0.65446861     0.030000302      0.15046349     0.018028148      0.92911073       7005.8021      -11.235294       -11.235294       7005.8021                                       6953.7536                        52.048486
              1       3489.9157       2.9071962       1.0005289      0.65446861     0.030000302      0.15046349     0.018028148      0.93157096        7002.302      -11.235294       -11.235294        7002.302                                       6955.3314                         46.97058
              1       3490.9912       2.9071962       1.0005289      0.65446861     0.030000302      0.15046349     0.018028148      0.92934607        7004.453      -11.235294       -11.235294        7004.453                                       6952.9105                        51.542547
              5       3491.5347       2.9071962       1.0005289      0.65446861     0.030000302      0.15046349     0.018028148      0.93226912         7005.54      -11.235294       -11.235294         7005.54                                       6959.9261                        45.613885
              8       3489.4272       2.9071962       1.0005289      0.65446861     0.030000302      0.15046349     0.018028148      0.93119341        7001.325      -11.235294       -11.235294        7001.325                                       6953.6053                         47.71968
              8       3489.6255       2.9071962       1.0005289      0.65446861     0.030000302      0.15046349     0.018028148      0.93004346       7001.7215      -11.235294       -11.235294       7001.7215                                        6951.653                        50.068491
              1       3490.4823       2.9071962       1.0005289      0.65446861     0.030000302      0.15046349     0.018028148      0.92955524       7003.4352      -11.235294       -11.235294       7003.4352                                       6952.3388                        51.096477
              3       3489.4971       2.9071962       1.0005289      0.65446861     0.030000302      0.15046349     0.018028148      0.93015258       7001.4648      -11.235294       -11.235294       7001.4648                                       6951.6236                        49.841253
              1       3490.3932       2.9071962       1.0005289      0.65446861     0.030000302      0.15046349     0.018028148      0.92959596       7003.2569      -11.235294       -11.235294       7003.2569                                       6952.2469                        51.010045
              7       3489.2004       2.9071962       1.0005289      0.65446861     0.030000302      0.15046349     0.018028148       0.9307026       7000.8714      -11.235294       -11.235294       7000.8714                                       6952.1617                        48.709769
              1       3489.6688       2.9071962       1.0005289      0.65446861     0.030000302      0.15046349     0.018028148      0.93001047       7001.8082      -11.235294       -11.235294       7001.8082                                       6951.6708                        50.137383
              1       3489.2059       2.9071962       1.0005289      0.65446861     0.030000302      0.15046349     0.018028148      0.93063183       7000.8824      -11.235294       -11.235294       7000.8824                                       6952.0283                        48.854053
              6       3489.2921       2.9071962       1.0005289      0.65446861     0.030000302      0.15046349     0.018028148      0.93101645       7001.0549      -11.235294       -11.235294       7001.0549                                       6952.9803                        48.074532
              1        3489.225       2.9071962       1.0005289      0.65446861     0.030000302      0.15046349     0.018028148      0.93086727       7000.9205      -11.235294       -11.235294       7000.9205                                        6952.545                        48.375526
              3       3489.7079       2.9071962       1.0005289      0.65446861     0.030000302      0.15046349     0.018028148      0.93143465       7001.8864      -11.235294       -11.235294       7001.8864                                       6954.6466                        47.239776
              4       3489.5672       2.9071962       1.0005289      0.65446861     0.030000302      0.15046349     0.018028148      0.93132556        7001.605      -11.235294       -11.235294        7001.605                                       6954.1487                        47.456255
              3       3489.4176       2.9071962       1.0005289      0.65446861     0.030000302      0.15046349     0.018028148      0.93118302       7001.3058      -11.235294       -11.235294       7001.3058                                       6953.5654                        47.740453
             10       3490.4348       2.9071962       1.0005289      0.65446861     0.030000302      0.15046349     0.018028148      0.93184229       7003.3401      -11.235294       -11.235294       7003.3401                                       6956.9012                        46.438934
              6        3491.732       2.9071962       1.0005289      0.65446861     0.030000302      0.15046349     0.018028148      0.93233395       7005.9346      -11.235294       -11.235294       7005.9346                                       6960.4448                        45.489787
              2       3489.3098       2.9071962       1.0005289      0.65446861     0.030000302      0.15046349     0.018028148      0.93037048       7001.0901      -11.235294       -11.235294       7001.0901                                       6951.6999                        49.390214
              2       3489.3477       2.9071962       1.0005289      0.65446861     0.030000302      0.15046349     0.018028148      0.93109896       7001.1659      -11.235294       -11.235294       7001.1659                                       6953.2571                        47.908774
              3       3489.2984       2.9071962       1.0005289      0.65446861     0.030000302      0.15046349     0.018028148      0.93038845       7001.0674      -11.235294       -11.235294       7001.0674                                       6951.7142                         49.35318
              3       3490.0643       2.9071962       1.0005289      0.65446861     0.030000302      0.15046349     0.018028148      0.93165654       7002.5991      -11.235294       -11.235294       7002.5991                                       6955.7968                        46.802298
              1       3489.4525       2.9071962       1.0005289      0.65446861     0.030000302      0.15046349     0.018028148      0.93121984       7001.3757      -11.235294       -11.235294       7001.3757                                       6953.7088                        47.666879
              2       3489.9599       2.9071962       1.0005289      0.65446861     0.030000302      0.15046349     0.018028148      0.92982017       7002.3905      -11.235294       -11.235294       7002.3905                                       6951.8541                        50.536363
              2       3490.9831       2.9071962       1.0005289      0.65446861     0.030000302      0.15046349     0.018028148      0.93207175       7004.4367      -11.235294       -11.235294       7004.4367                                        6958.443                        45.993689
              5       3489.2015       2.9071962       1.0005289      0.65446861     0.030000302      0.15046349     0.018028148       0.9307408       7000.8735      -11.235294       -11.235294       7000.8735                                       6952.2415                        48.632046
             10       3489.3195       2.9071962       1.0005289      0.65446861     0.030000302      0.15046349     0.018028148      0.93105952       7001.1096      -11.235294       -11.235294       7001.1096                                       6953.1216                        47.987938
              1         3490.03       2.9071962       1.0005289      0.65446861     0.030000302      0.15046349     0.018028148       0.9297802       7002.5306      -11.235294       -11.235294       7002.5306                                       6951.9101                        50.620526
              6       3489.9702       2.9071962       1.0005289      0.65446861     0.030000302      0.15046349     0.018028148      0.93160328       7002.4109      -11.235294       -11.235294       7002.4109                                       6955.5039                        46.906967
              7       3489.5623       2.9071962       1.0005289      0.65446861     0.030000302      0.15046349     0.018028148       0.9300947       7001.5952      -11.235294       -11.235294       7001.5952                                       6951.6336                        49.961661
              3       3489.2026       2.9071962       1.0005289      0.65446861     0.030000302      0.15046349     0.018028148      0.93065923       7000.8759      -11.235294       -11.235294       7000.8759                                       6952.0777                        48.798135
              3       3490.3013       2.9071962       1.0005289      0.65446861     0.030000302      0.15046349     0.018028148      0.93177907       7003.0731      -11.235294       -11.235294       7003.0731                                       6956.5108                         46.56231
              2       3489.8439       2.9071962       1.0005289      0.65446861     0.030000302      0.15046349     0.018028148      0.93152643       7002.1584      -11.235294       -11.235294       7002.1584                                          6955.1                        47.058373
              5       3489.4481       2.9071962       1.0005289      0.65446861     0.030000302      0.15046349     0.018028148       0.9302004       7001.3669      -11.235294       -11.235294       7001.3669                                       6951.6249                        49.741952
              7       3489.5892       2.9071962       1.0005289      0.65446861     0.030000302      0.15046349     0.018028148      0.93134389       7001.6491      -11.235294       -11.235294       7001.6491                                       6954.2293                        47.419807
              1       3489.9197       2.9071962       1.0005289      0.65446861     0.030000302      0.15046349     0.018028148      0.92984398       7002.3099      -11.235294       -11.235294       7002.3099                                       6951.8236                        50.486283
              1       3490.4057       2.9071962       1.0005289      0.65446861     0.030000302      0.15046349     0.018028148      0.92959012       7003.2821      -11.235294       -11.235294       7003.2821                                       6952.2597                        51.022423
              5       3492.9656       2.9071962       1.0005289      0.65446861     0.030000302      0.15046349     0.018028148      0.92873537       7008.4019      -11.235294       -11.235294       7008.4019                                       6955.5375                         52.86437
              3       3489.2165       2.9071962       1.0005289      0.65446861     0.030000302      0.15046349     0.018028148      0.93057802       7000.9036      -11.235294       -11.235294       7000.9036                                       6951.9396                        48.964005
              3       3489.2415       2.9071962       1.0005289      0.65446861     0.030000302      0.15046349     0.018028148      0.93050072       7000.9537      -11.235294       -11.235294       7000.9537                                       6951.8313                        49.122375
              1       3489.2153       2.9071962       1.0005289      0.65446861     0.030000302      0.15046349     0.018028148      0.93058292       7000.9012      -11.235294       -11.235294       7000.9012                                       6951.9473                        48.953987
              2       3490.2115       2.9071962       1.0005289      0.65446861     0.030000302      0.15046349     0.018028148      0.92968394       7002.8936      -11.235294       -11.235294       7002.8936                                       6952.0699                        50.823699
              5       3489.9211       2.9071962       1.0005289      0.65446861     0.030000302      0.15046349     0.018028148      0.93157425       7002.3129      -11.235294       -11.235294       7002.3129                                       6955.3488                        46.964097
             11       3490.0349       2.9071962       1.0005289      0.65446861     0.030000302      0.15046349     0.018028148      0.93164027       7002.5405      -11.235294       -11.235294       7002.5405                                       6955.7062                        46.834241
              1       3489.2408       2.9071962       1.0005289      0.65446861     0.030000302      0.15046349     0.018028148      0.93091239       7000.9521      -11.235294       -11.235294       7000.9521                                       6952.6678                        48.284318
              4       3489.2695       2.9071962       1.0005289      0.65446861     0.030000302      0.15046349     0.018028148      0.93043951       7001.0096      -11.235294       -11.235294       7001.0096                                       6951.7616                        49.248089
              5       3489.2629       2.9071962       1.0005289      0.65446861     0.030000302      0.15046349     0.018028148      0.93045258       7000.9965      -11.235294       -11.235294       7000.9965                                       6951.7753                        49.221216
             21       3489.2212       2.9071962       1.0005289      0.65446861     0.030000302      0.15046349     0.018028148      0.93085464        7000.913      -11.235294       -11.235294        7000.913                                       6952.5119                        48.401104
              1       3489.2944       2.9071962       1.0005289      0.65446861     0.030000302      0.15046349     0.018028148      0.93039509       7001.0593      -11.235294       -11.235294       7001.0593                                       6951.7198                        49.339507
              3       3489.3209       2.9071962       1.0005289      0.65446861     0.030000302      0.15046349     0.018028148      0.93035376       7001.1124      -11.235294       -11.235294       7001.1124                                       6951.6877                        49.424682
              4       3489.3316       2.9071962       1.0005289      0.65446861     0.030000302      0.15046349     0.018028148      0.93033838       7001.1338      -11.235294       -11.235294       7001.1338                                       6951.6774                        49.456432
              5       3489.6096       2.9071962       1.0005289      0.65446861     0.030000302      0.15046349     0.018028148      0.93005591       7001.6899      -11.235294       -11.235294       7001.6899                                       6951.6474                        50.042514
              2       3489.3658       2.9071962       1.0005289      0.65446861     0.030000302      0.15046349     0.018028148      0.93112239       7001.2022      -11.235294       -11.235294       7001.2022                                       6953.3404                        47.861815
              1       3489.3583       2.9071962       1.0005289      0.65446861     0.030000302      0.15046349     0.018028148      0.93111286       7001.1872      -11.235294       -11.235294       7001.1872                                       6953.3062                        47.880913
              4       3489.5227       2.9071962       1.0005289      0.65446861     0.030000302      0.15046349     0.018028148      0.93012922       7001.5159      -11.235294       -11.235294       7001.5159                                       6951.6261                        49.889819
              2       3491.4239       2.9071962       1.0005289      0.65446861     0.030000302      0.15046349     0.018028148      0.92919087       7005.3184      -11.235294       -11.235294       7005.3184                                       6953.4427                        51.875721
              4       3491.4416       2.9071962       1.0005289      0.65446861     0.030000302      0.15046349     0.018028148      0.93223759       7005.3538      -11.235294       -11.235294       7005.3538                                       6959.6794                        45.674374
              3        3490.734       2.9071962       1.0005289      0.65446861     0.030000302      0.15046349     0.018028148      0.93197266       7003.9386      -11.235294       -11.235294       7003.9386                                       6957.7531                        46.185475
              1       3489.3219       2.9071962       1.0005289      0.65446861     0.030000302      0.15046349     0.018028148      0.93106301       7001.1143      -11.235294       -11.235294       7001.1143                                       6953.1334                        47.980931
              4       3490.4433       2.9071962       1.0005289      0.65446861     0.030000302      0.15046349     0.018028148      0.93184624       7003.3573      -11.235294       -11.235294       7003.3573                                        6956.926                        46.431242
              1       3491.8847       2.9071962       1.0005289      0.65446861     0.030000302      0.15046349     0.018028148       0.9323824       7006.2399      -11.235294       -11.235294       7006.2399                                       6960.8427                        45.397241
              1       3494.8712       2.9071962       1.0005289      0.65446861     0.030000302      0.15046349     0.018028148        0.928289        7012.213      -11.235294       -11.235294        7012.213                                       6958.3641                        53.848924
              1       3494.7091       2.9071962       1.0005289      0.65446861     0.030000302      0.15046349     0.018028148       0.9331097       7011.8887      -11.235294       -11.235294       7011.8887                                       6967.8594                        44.029292
              2       3490.7756       2.9071962       1.0005289      0.65446861     0.030000302      0.15046349     0.018028148      0.92943049       7004.0217      -11.235294       -11.235294       7004.0217                                       6952.6596                        51.362111
              9       3489.4228       2.9071962       1.0005289      0.65446861     0.030000302      0.15046349     0.018028148      0.93022703       7001.3162      -11.235294       -11.235294       7001.3162                                       6951.6294                        49.686741
             10       3489.3296       2.9071962       1.0005289      0.65446861     0.030000302      0.15046349     0.018028148      0.93034117       7001.1298      -11.235294       -11.235294       7001.1298                                       6951.6792                        49.450675
              4       3489.2028       2.9071962       1.0005289      0.65446861     0.030000302      0.15046349     0.018028148      0.93065789       7000.8761      -11.235294       -11.235294       7000.8761                                       6952.0752                        48.800888
              4       3489.2005       2.9071962       1.0005289      0.65446861     0.030000302      0.15046349     0.018028148      0.93069612       7000.8716      -11.235294       -11.235294       7000.8716                                       6952.1487                        48.722963
              5       3489.9567       2.9071962       1.0005289      0.65446861     0.030000302      0.15046349     0.018028148      0.92982204       7002.3841      -11.235294       -11.235294       7002.3841                                       6951.8516                        50.532424
              5       3489.9454       2.9071962       1.0005289      0.65446861     0.030000302      0.15046349     0.018028148      0.93158871       7002.3613      -11.235294       -11.235294       7002.3613                                       6955.4257                        46.935624
              1       3489.2226       2.9071962       1.0005289      0.65446861     0.030000302      0.15046349     0.018028148      0.93055546       7000.9159      -11.235294       -11.235294       7000.9159                                       6951.9057                        49.010178
              1         3489.21       2.9071962       1.0005289      0.65446861     0.030000302      0.15046349     0.018028148      0.93080752       7000.8906      -11.235294       -11.235294       7000.8906                                       6952.3941                        48.496574
              5       3489.3416       2.9071962       1.0005289      0.65446861     0.030000302      0.15046349     0.018028148      0.93109084       7001.1538      -11.235294       -11.235294       7001.1538                                       6953.2287                        47.925068
              1       3489.8317       2.9071962       1.0005289      0.65446861     0.030000302      0.15046349     0.018028148      0.93151862        7002.134      -11.235294       -11.235294        7002.134                                       6955.0602                        47.073791
              6       3489.6348       2.9071962       1.0005289      0.65446861     0.030000302      0.15046349     0.018028148      0.93003623       7001.7401      -11.235294       -11.235294       7001.7401                                       6951.6566                        50.083589
             13       3489.2049       2.9071962       1.0005289      0.65446861     0.030000302      0.15046349     0.018028148      0.93063936       7000.8803      -11.235294       -11.235294       7000.8803                                       6952.0416                        48.838687
              1       3489.2691       2.9071962       1.0005289      0.65446861     0.030000302      0.15046349     0.018028148      0.93097481       7001.0088      -11.235294       -11.235294       7001.0088                                       6952.8504                        48.158373
              1       3489.2297       2.9071962       1.0005289      0.65446861     0.030000302      0.15046349     0.018028148        0.930882         7000.93      -11.235294       -11.235294         7000.93                                       6952.5842                        48.345734
              3       3489.8949       2.9071962       1.0005289      0.65446861     0.030000302      0.15046349     0.018028148      0.92985894       7002.2604      -11.235294       -11.235294       7002.2604                                       6951.8056                        50.454849
              4        3490.357       2.9071962       1.0005289      0.65446861     0.030000302      0.15046349     0.018028148       0.9296129       7003.1846      -11.235294       -11.235294       7003.1846                                       6952.2105                        50.974115
              2       3490.6392       2.9071962       1.0005289      0.65446861     0.030000302      0.15046349     0.018028148      0.92948691        7003.749      -11.235294       -11.235294        7003.749                                       6952.5072                        51.241828
              4       3491.9686       2.9071962       1.0005289      0.65446861     0.030000302      0.15046349     0.018028148      0.93240845       7006.4077      -11.235294       -11.235294       7006.4077                                       6961.0602                        45.347559
              1       3490.7207       2.9071962       1.0005289      0.65446861     0.030000302      0.15046349     0.018028148      0.93196716       7003.9121      -11.235294       -11.235294       7003.9121                                       6957.7159                        46.196137
              4       3489.6627       2.9071962       1.0005289      0.65446861     0.030000302      0.15046349     0.018028148      0.93001499       7001.7961      -11.235294       -11.235294       7001.7961                                       6951.6681                        50.127941
              2       3489.2395       2.9071962       1.0005289      0.65446861     0.030000302      0.15046349     0.018028148      0.93090922       7000.9496      -11.235294       -11.235294       7000.9496                                       6952.6589                        48.290712
              7       3490.0622       2.9071962       1.0005289      0.65446861     0.030000302      0.15046349     0.018028148       0.9297624       7002.5951      -11.235294       -11.235294       7002.5951                                        6951.937                        50.658041
             12       3489.3015       2.9071962       1.0005289      0.65446861     0.030000302      0.15046349     0.018028148      0.93103184       7001.0736      -11.235294       -11.235294       7001.0736                                         6953.03                        48.043577
              4       3489.3849       2.9071962       1.0005289      0.65446861     0.030000302      0.15046349     0.018028148      0.93114573       7001.2404      -11.235294       -11.235294       7001.2404                                       6953.4254                        47.815051
              2       3489.8403       2.9071962       1.0005289      0.65446861     0.030000302      0.15046349     0.018028148      0.93152412       7002.1512      -11.235294       -11.235294       7002.1512                                       6955.0882                        47.062928
              6        3489.237       2.9071962       1.0005289      0.65446861     0.030000302      0.15046349     0.018028148      0.93090269       7000.9447      -11.235294       -11.235294       7000.9447                                       6952.6407                        48.303923
              2       3490.1003       2.9071962       1.0005289      0.65446861     0.030000302      0.15046349     0.018028148      0.93167615       7002.6711      -11.235294       -11.235294       7002.6711                                       6955.9073                        46.763803
              3       3491.0693       2.9071962       1.0005289      0.65446861     0.030000302      0.15046349     0.018028148      0.92931676       7004.6092      -11.235294       -11.235294       7004.6092                                       6953.0039                        51.605326
              2       3490.4343       2.9071962       1.0005289      0.65446861     0.030000302      0.15046349     0.018028148      0.92957701       7003.3391      -11.235294       -11.235294       7003.3391                                       6952.2889                        51.050251
             11       3489.4193       2.9071962       1.0005289      0.65446861     0.030000302      0.15046349     0.018028148      0.93023081       7001.3092      -11.235294       -11.235294       7001.3092                                       6951.6303                          49.6789
              3       3489.7524       2.9071962       1.0005289      0.65446861     0.030000302      0.15046349     0.018028148      0.93146588       7001.9753      -11.235294       -11.235294       7001.9753                                       6954.7973                        47.177987
              1       3490.5448       2.9071962       1.0005289      0.65446861     0.030000302      0.15046349     0.018028148      0.93189187       7003.5601      -11.235294       -11.235294       7003.5601                                       6957.2177                        46.342386
              1       3490.1631       2.9071962       1.0005289      0.65446861     0.030000302      0.15046349     0.018028148      0.93170947       7002.7969      -11.235294       -11.235294       7002.7969                                       6956.0984                        46.698493
              5        3490.085       2.9071962       1.0005289      0.65446861     0.030000302      0.15046349     0.018028148      0.93166787       7002.6405      -11.235294       -11.235294       7002.6405                                       6955.8605                        46.780063
              3       3489.3653       2.9071962       1.0005289      0.65446861     0.030000302      0.15046349     0.018028148       0.9311218       7001.2012      -11.235294       -11.235294       7001.2012                                       6953.3382                        47.862997
              2        3489.801       2.9071962       1.0005289      0.65446861     0.030000302      0.15046349     0.018028148      0.92991834       7002.0725      -11.235294       -11.235294       7002.0725                                       6951.7424                        50.330189
              2       3491.3378       2.9071962       1.0005289      0.65446861     0.030000302      0.15046349     0.018028148      0.92922045       7005.1462      -11.235294       -11.235294       7005.1462                                       6953.3341                        51.812084
              1       3489.8873       2.9071962       1.0005289      0.65446861     0.030000302      0.15046349     0.018028148      0.93155361       7002.2451      -11.235294       -11.235294       7002.2451                                       6955.2404                        47.004769
              6       3489.9771       2.9071962       1.0005289      0.65446861     0.030000302      0.15046349     0.018028148       0.9316073       7002.4247      -11.235294       -11.235294       7002.4247                                       6955.5256                        46.899063
              8       3489.2462       2.9071962       1.0005289      0.65446861     0.030000302      0.15046349     0.018028148      0.93048933        7000.963      -11.235294       -11.235294        7000.963                                       6951.8173                        49.145735
              1       3489.2677       2.9071962       1.0005289      0.65446861     0.030000302      0.15046349     0.018028148        0.930443       7001.0061      -11.235294       -11.235294       7001.0061                                       6951.7652                        49.240918
              1       3489.4804       2.9071962       1.0005289      0.65446861     0.030000302      0.15046349     0.018028148      0.93124744       7001.4314      -11.235294       -11.235294       7001.4314                                       6953.8196                         47.61181
             11       3465.3229         2.90552      0.99880824      0.65483431     0.030006471      0.15009415     0.017479013      0.93080706       6953.1164      -11.235294       -11.235294       6953.1164                                       6906.9663                        46.150137
              1       3466.6618         2.90552      0.99880824      0.65483431     0.030006471      0.15009415     0.017479013      0.93173045       6955.7942      -11.235294       -11.235294       6955.7942                                       6911.4276                        44.366645
              5       3465.2594         2.90552      0.99880824      0.65483431     0.030006471      0.15009415     0.017479013      0.93036858       6952.9893      -11.235294       -11.235294       6952.9893                                       6905.9695                         47.01983
              1       3465.8284         2.90552      0.99880824      0.65483431     0.030006471      0.15009415     0.017479013      0.93129568       6954.1274      -11.235294       -11.235294       6954.1274                                       6908.9291                        45.198313
              5       3465.2497         2.90552      0.99880824      0.65483431     0.030006471      0.15009415     0.017479013      0.93061586         6952.97      -11.235294       -11.235294         6952.97                                       6906.4425                        46.527549
              4       3467.4956         2.90552      0.99880824      0.65483431     0.030006471      0.15009415     0.017479013      0.92898523       6957.4618      -11.235294       -11.235294       6957.4618                                       6907.6013                        49.860473
              8       3465.9871         2.90552      0.99880824      0.65483431     0.030006471      0.15009415     0.017479013      0.92963235       6954.4448      -11.235294       -11.235294       6954.4448                                       6905.9316                        48.513262
              7        3466.195         2.90552      0.99880824      0.65483431     0.030006471      0.15009415     0.017479013      0.92951767       6954.8607      -11.235294       -11.235294       6954.8607                                        6906.111                        48.749647
              1       3465.6942         2.90552      0.99880824      0.65483431     0.030006471      0.15009415     0.017479013      0.92982587       6953.8589      -11.235294       -11.235294       6953.8589                                       6905.7423                        48.116653
              2       3465.8644         2.90552      0.99880824      0.65483431     0.030006471      0.15009415     0.017479013      0.93131928       6954.1994      -11.235294       -11.235294       6954.1994                                       6909.0466                        45.152791
              2        3466.357         2.90552      0.99880824      0.65483431     0.030006471      0.15009415     0.017479013      0.93159182       6955.1846      -11.235294       -11.235294       6955.1846                                       6910.5543                        44.630255
              1       3465.8919         2.90552      0.99880824      0.65483431     0.030006471      0.15009415     0.017479013      0.92969025       6954.2543      -11.235294       -11.235294       6954.2543                                         6905.86                        48.394282
              4       3465.3908         2.90552      0.99880824      0.65483431     0.030006471      0.15009415     0.017479013      0.93090922       6953.2521      -11.235294       -11.235294       6953.2521                                       6907.3025                        45.949636
